Club Name,Address,City,State,Zip Code,Zone,Splashball,ZCTA,Total Population,White,Black,Native American,Asian,Hispanic,"Less than $10,000","$10,000 to $14,999","$15,000 to $24,999","$25,000 to $34,999","$35,000 to $49,999","$50,000 to $74,999","$75,000 to $99,999","$100,000 to $149,999","$150,000 to $199,999","$200,000 or more",Median income,Mean income,Percentage of income allocated to housing
222 Water Polo,5000 Mitty Way, San Jose, California,95129,Pacific Zone,False,95129,39797,8882,1057,120,26043,2627,2.4,2.0,2.1,2.2,3.8,6.8,7.8,14.7,14.4,43.9,178818,232036,29.7
505 Master's Water Polo Club,"West Mesa Aquatic Center, 6705 Fortuna Rd Sw", Albuquerque, New Mexico,87105,Mountain Zone,False,87105,55295,25340,448,3189,104,44191,7.4,7.9,11.4,12.4,13.8,16.2,12.5,12.2,3.8,2.5,46124,61862,41.5
562 Water Polo Club,"Long Beach Poly, 1600 Atlantic Ave", Long Beach, California,90813,Coastal California Zone,False,90813,53647,17545,5685,886,6317,35464,7.1,8.7,9.9,10.3,14.9,19.3,11.9,12.2,3.0,2.7,48535,62644,40.3
680 Water Polo,13 Hawthorne Ct., Walnut Creek, California,94596,Pacific Zone,False,94596,23795,16976,549,53,3179,2269,3.4,0.9,1.9,3.1,4.8,9.2,11.6,22.1,13.0,29.9,135422,182331,24.1
908 Water Polo,"Petroleum Club, 3636 Linden ave.", Long Beach, California,90807,Coastal California Zone,False,90807,33153,15098,4580,268,5383,9362,5.0,2.8,3.8,5.8,8.5,15.2,12.9,15.7,12.3,18.1,89319,122666,34.0
A-Town Water Polo Club,3175 Colima Road, Atascadero, California,93422,Central California Zone,True,93422,33781,27641,226,253,1178,7071,2.9,1.7,4.3,6.6,10.5,15.0,15.0,18.8,10.7,14.6,91257,147946,37.1
Aerie Water Polo Club,100 S. Barrington Place, Los Angeles, California,90049,Coastal California Zone,False,90049,35819,28337,528,39,3003,2932,3.7,1.5,3.3,2.9,5.2,8.0,6.4,15.1,13.5,40.5,161605,277249,38.6
Alameda Water Polo Club,1143 Verdemar Drive, Alameda, California,94502,Pacific Zone,True,94502,14225,5482,429,20,6567,1164,3.9,0.3,0.6,2.1,3.1,4.0,7.4,15.0,12.0,51.5,207823,220563,31.3
Alamo Area Aquatics Association,705 Trafalgar Road, San Antonio, Texas,78216,Southwest Zone,False,78216,42379,23947,2637,207,526,25544,5.6,5.4,8.3,11.3,14.9,21.0,12.8,10.6,3.6,6.5,54394,76846,32.8
Alamo Masters Wp Club,302 Happy Trail, San Antonio, Texas,78231,Southwest Zone,False,78231,9972,6778,658,16,364,4070,1.4,2.0,2.6,7.6,11.8,12.9,7.1,25.2,14.6,14.8,106719,137330,30.1
Albuquerque Water Polo Club,"1741 Bellamah Ave N.W., Apt #5104", Albuquerque, New Mexico,87104,Mountain Zone,True,87104,12982,8034,321,300,73,7907,4.9,7.3,9.4,8.1,11.7,13.5,13.8,12.3,6.6,12.4,65060,95522,31.2
Aliso Polo,27221 Cordero Lane, Mission Viejo, California,92691,Southern Pacific Zone,False,92691,48073,32263,665,62,5938,11000,2.5,1.0,3.6,2.8,6.5,8.5,9.8,21.0,17.7,26.6,134070,158224,38.0
Altamont Passers,"Livermore High School, 600 Maple St.", Livermore, California,94550,Pacific Zone,False,94550,49463,33307,836,208,7717,8025,2.1,1.0,2.9,3.0,3.5,6.3,7.5,15.9,16.3,41.6,171388,216512,28.1
Alumni Water Polo Club,7682 Ferrari Ct., Fair Oaks, California,95628,International Zone,False,95628,44256,34909,885,223,2208,6049,4.2,2.1,2.1,3.3,5.7,13.6,14.6,22.8,13.6,18.1,110012,135995,29.8
American River Water Polo Club,"4005 Manzanita Ave Ste 6, Pmb 240", Carmichael, California,95608,Central California Zone,False,95608,63715,46059,3809,312,5101,9586,3.9,3.3,6.1,6.3,10.7,17.0,12.6,16.7,10.2,13.4,79371,112785,30.5
Anchorage Water Polo Club,10250 Jamestown Dr. Apt 8, Anchorage, Alaska,99507,Pacific Northwest & Hawaii Zone,True,99507,35708,19785,1442,2174,6480,3516,2.9,0.6,4.2,2.4,9.5,14.6,15.2,18.8,14.8,16.9,100829,132647,31.3
Anuenue Water Polo,2693 East Manoa Road, Honolulu, Hawaii,96822,Pacific Northwest & Hawaii Zone,False,96822,45038,10148,449,115,21705,2796,3.9,1.7,5.0,5.4,10.6,13.6,13.8,18.6,9.5,17.8,91312,127915,35.3
Apex Water Polo,"Temecula Valley High School, 31555 Rancho Vista Rd.", Temecula, California,92592,Southern Pacific Zone,True,92592,81636,51058,3580,799,8995,21509,2.8,1.4,1.9,2.7,4.4,10.3,13.6,25.3,14.9,22.8,122882,151678,40.5
AquaTex Waterpolo,"Micki Krebsbach Swimming Pool, 301 Deepwood Drive", Round Rock, Texas,78681,Southwest Zone,True,78681,57760,39276,2912,213,7222,12054,1.8,1.3,3.2,2.8,4.6,14.7,10.8,21.7,16.9,22.2,123948,148507,29.5
Arapahoe Warrior Aquatics,"Arapahoe High School, 2201 E Ory Creek Road", Centennial, Colorado,80122,Mountain Zone,False,80122,31650,27799,254,36,1016,2423,1.9,0.8,4.0,2.8,5.4,13.5,12.3,23.6,14.8,21.0,116551,147437,26.2
Arroyo Grande Water Polo,429 Bakeman Ln., Arroyo Grande, California,93420,Central California Zone,True,93420,32126,25047,441,157,1033,4704,3.2,2.2,5.5,4.8,8.1,12.2,11.1,20.9,16.2,15.8,104314,124921,36.7
ASA Aquatics,2121 E. Childs Avenue, Merced, California,95340,Central California Zone,True,95340,36833,18494,1141,426,2970,18516,7.2,5.3,9.9,7.1,11.3,16.1,12.7,13.8,5.7,10.9,64809,97222,42.4
Ashland Water Polo,Po Box 623, Ashland, Oregon,97520,Pacific Northwest & Hawaii Zone,False,97520,26556,23032,272,133,399,2602,6.8,3.4,11.4,9.2,10.6,14.1,10.4,16.1,8.3,9.7,66048,96929,26.8
Asphalt Green Water Polo Club,555 East 90th Street, New York, New York,10128,Northeast Zone,True,10128,56695,41225,3032,35,5151,8035,5.6,3.8,4.1,4.4,4.5,7.6,9.4,15.9,10.5,34.1,137253,224663,33.9
Atherton Water Polo Club,"Sacred Heart Aquatic Center, 150 Valparaiso Ave", Atherton, California,94027,Pacific Zone,False,94027,7142,5117,103,3,1390,646,2.2,2.7,1.0,0.9,2.3,3.4,1.9,10.4,7.0,68.2,"250,000+",595736,36.0
Atlanta Rainbow Trout,"541 Tenth St. Nw, Box 314",Atlanta,Georgia,30318,Southeast Zone,False,30318,59559,21362,30698,51,3306,3532,7.2,6.2,6.7,6.3,10.5,14.4,11.0,15.1,7.2,15.4,69640,112621,34.2
Austin Water Polo Club,4300 WESTBANK DRIVE, Austin, Texas,78746,Southwest Zone,True,78746,28329,23319,495,0,2471,3383,2.5,0.7,1.4,2.3,4.4,8.6,9.9,14.0,12.1,44.1,174367,256828,31.4
Back Bay Aquatics Foundation,"University California Irvine, 903 W. Peltason", Irvine, California,92697,Southern Pacific Zone,True,92697,0,0,0,0,0,0,-,-,-,-,-,-,-,-,-,-,-,-,-
Bainbridge Water Polo,8521 Madison Ave N, Bainbridge, Washington,98110,Pacific Northwest & Hawaii Zone,True,98110,24681,21686,58,47,910,834,2.1,1.3,2.4,2.6,5.6,9.1,9.2,17.4,14.1,36.2,151290,214501,29.7
Bat Rays Water Polo Club,25800 Carlos Bee Blvd, Hayward, California,94542,Pacific Zone,True,94542,16188,6081,1679,212,3839,4329,3.2,0.7,0.4,2.6,5.0,12.6,8.4,24.1,10.3,32.9,132747,177979,31.7
Bay Area Masters,"416 Los Gatos Blvd,", Los Gatos, California,95032,Pacific Zone,False,95032,27678,19236,373,20,4942,2416,2.9,0.5,3.1,3.8,2.2,7.1,5.7,13.9,13.3,47.6,185822,283589,31.1
Bay Area Polo,"Saint Francis High School and the Brothers of Holy Cross, 1885 Miramonte Ave", Mountain View, California,94040,Pacific Zone,True,94040,35667,16938,384,157,12775,4897,2.5,1.6,2.8,2.9,6.0,6.3,6.4,15.0,13.4,43.3,175147,252151,25.6
Bear River HS Water Polo,1450 S Main, Garland, Utah,84312,Mountain Zone,True,84312,4939,4554,0,32,25,647,1.3,8.7,4.3,4.7,11.3,24.4,11.1,20.9,10.0,3.1,71099,86905,34.1
Bend Waves Water Polo Club,"Juniper Swim & Fitness Center, 800 Ne 6Th Street", Bend, Oregon,97701,Pacific Northwest & Hawaii Zone,True,97701,41577,37384,230,114,850,3674,5.3,2.8,5.2,7.5,11.1,19.4,11.8,16.9,10.1,9.9,71927,97615,28.3
Bengal Water Polo,7500 S. 2700 E.,Salt Lake City,Utah,84121,Mountain Zone,True,84121,39759,35239,337,134,1230,2527,3.0,2.1,4.3,4.1,7.1,14.5,11.8,20.5,14.5,18.2,108873,137940,34.9
Big Valley Water Polo Academy,"Cortopossi Aquatic Center, 5648 N El Dorado St", Stockton, California,95207,Central California Zone,True,95207,52877,18339,7247,404,7435,22397,6.4,3.9,7.7,8.1,12.4,17.5,16.8,13.9,7.9,5.5,66459,87049,39.9
Black Swamp Water Polo,701 Briarheath Drive, Napoleon, Ohio,43545,Midwest Zone,True,43545,14573,13065,99,43,8,1089,3.6,2.0,8.6,6.4,13.1,19.7,17.2,20.0,4.6,4.8,67490,88427,36.0
Blue Crush Aquatic Club,Po Box 301164, Portland, Oregon,97294,Pacific Northwest & Hawaii Zone,True,97230,41799,24578,3819,226,5111,8326,4.1,3.9,7.9,7.8,13.0,18.1,12.8,17.1,8.5,6.9,68224,88793,33.1
Blue Thunder Masters Water Polo Club,23648 Susana Ave, Torrance, California,90505,Coastal California Zone,False,90505,36214,15675,945,238,13700,5200,3.6,1.5,2.3,5.8,8.8,11.0,12.4,20.9,12.2,21.6,108857,141451,29.5
Bluff City Water Polo,431 Revell Pointe West, Collierville, Tennessee,38017,Southeast Zone,True,38017,55570,39922,5806,105,7011,2320,2.0,0.8,2.4,2.9,6.0,9.0,13.4,20.7,15.2,27.7,131354,169699,33.3
Boa - (Brea Olinda Aquatics),"Brea Olinda High School, 789 Wildcat Way", Brea, California,92821,Southern Pacific Zone,False,92821,41604,22269,404,188,10088,13562,3.5,1.2,3.5,3.1,6.6,13.3,13.3,19.5,14.8,21.2,114444,136484,34.0
Breach Aquatics,"Breach Aquatics, 2636 Key Largo Ln", Fort Lauderdale, Florida,33312,Southeast Zone,True,33312,53409,28034,14560,42,707,17668,3.4,4.2,6.5,9.9,12.9,14.4,12.5,14.2,11.4,10.6,72955,100869,39.9
Breakers Water Polo Club,"Menlo School, 50 Valparaiso", Atherton, California,94027,Pacific Zone,False,94027,7142,5117,103,3,1390,646,2.2,2.7,1.0,0.9,2.3,3.4,1.9,10.4,7.0,68.2,"250,000+",595736,36.0
Brooklyn Hustle Waterpolo Club,"122 Ashland Place,15 M", Brooklyn, New York,11201,Northeast Zone,True,11201,69755,42394,8399,132,9960,7705,5.7,2.7,3.8,3.3,4.7,7.0,5.8,13.8,12.4,40.7,163310,232020,31.5
Bulldawg Water Polo Club,1678 Hanson Way, Ramona, California,92065,International Zone,True,92065,36836,27349,365,271,944,11612,1.0,1.1,4.3,6.7,5.7,11.4,9.3,23.9,15.8,20.8,120683,142497,35.3
Bulldog Water Polo Club,"Fresno State Aquatics Complex, 5305 N Campus Dr, M/S NG27", Fresno, California,93740,Central California Zone,False,93740,1174,502,59,18,156,491,-,-,-,-,-,-,-,-,-,-,-,-,-
Burlingame Aquatic Club,Po Box 281, Burlingame, California,94010,Pacific Zone,True,94010,43458,23949,400,29,13023,4734,2.8,0.8,2.3,2.5,4.5,7.7,7.4,12.6,12.3,47.1,186198,297111,31.6
Cache Water Polo,"Stang Aquatic Center, 255 South 800 East", Hyrum, Utah,84319,Mountain Zone,False,84319,9994,8643,0,10,80,1326,1.9,1.9,1.2,7.3,14.2,21.7,16.5,26.2,4.6,4.6,76901,89727,38.1
California Republic Water Polo Club,P.O. Box 7517, Citrus Heights, California,95621,Central California Zone,True,95621,42089,30826,927,275,2477,8487,4.6,2.7,6.3,7.5,12.9,16.4,15.1,19.7,9.2,5.6,74573,88603,38.6
California Water Polo Club,638 San Doval Place, Thousand Oaks, California,91360,Coastal California Zone,False,91360,42444,30660,1024,500,2895,10145,4.8,1.7,4.7,4.4,7.4,10.5,11.7,18.7,12.2,23.9,111095,140610,41.8
Canyon View CVWP,"Southern Utah State University Pool,  351 W. University Blvd.", Cedar City,Utah,84720,Mountain Zone,False,84720,23237,20342,357,147,438,1956,5.4,4.5,6.6,10.1,11.7,22.1,13.8,13.3,7.8,4.8,60585,78157,34.7
Capital City Masters Water Polo Club,3956 Sitting Bull Way, Antelope, California,95843,Central California Zone,False,95843,47195,30009,4932,401,5493,6874,4.1,1.9,2.5,5.0,10.2,15.6,15.8,23.1,11.9,9.9,92336,107123,35.0
Capital DC Water Polo Club,8137 Loving Forest Ct, springfield, Virginia,22153,Northeast Zone,True,22153,32546,20173,2587,95,4790,5017,1.6,0.3,0.3,1.2,3.9,5.7,8.8,21.5,20.6,36.2,164084,188372,24.7
Carlsbad Water Polo,Po Box 1724, Carlsbad, California,92018,Pacific Southwest Zone,True,92008,27373,20657,313,450,1831,5747,3.2,1.9,7.6,4.5,6.9,10.7,14.4,14.7,15.2,21.0,101897,143635,26.9
Carpinteria Aquatics Club,5775 Carpintera Ave, Carpinteria, California,93013,Coastal California Zone,False,93013,16459,10601,156,74,368,6500,3.5,1.3,4.7,4.8,10.1,9.0,11.2,15.3,12.4,27.7,115000,172424,39.4
CC United,P.O. Box 1561, Lafayette, California,94549,Pacific Zone,False,94549,28456,21794,201,28,3227,2107,2.6,1.4,1.7,2.3,3.1,4.1,7.2,14.5,8.9,54.0,221148,309976,31.4
CDM Aquatics Federation,"2549 Eastbluff Drive, #273", Newport Beach, California,92660,Southern Pacific Zone,True,92660,35926,28452,374,226,2829,3522,5.4,2.2,3.4,3.6,3.8,8.4,6.8,15.5,10.4,40.5,152700,247861,32.3
Cedar Water Polo,"Cedar City Aquatic Center,  2090 W Royal Hunte Dr",Cedar City,Utah,84720,Mountain Zone,False,84720,23237,20342,357,147,438,1956,5.4,4.5,6.6,10.1,11.7,22.1,13.8,13.3,7.8,4.8,60585,78157,34.7
Central Coast Water Polo Club,"Cuesta College Swimming Pool,  Chorro Valley Rd", San Luis Obispo,California,93405,Central California Zone,False,93405,24991,19978,172,157,1649,3961,13.8,5.9,11.8,9.4,10.3,13.4,6.5,8.9,7.1,12.9,48388,85462,42.9
Central Florida Sun Water Polo Club,"Winter Park High School, 2100 Summerfield Road", Winter Park, Florida,32792,Southeast Zone,False,32792,52120,33405,6283,135,2455,13476,8.9,2.2,6.4,9.5,12.9,17.8,14.4,12.9,8.1,6.8,63365,84386,37.5
Central Valley Water Polo Club,PO Box 8192, Fresno, California,93747,Central California Zone,False,93727,82176,28721,4221,1161,23072,36992,6.4,4.7,6.2,7.1,9.5,14.3,14.5,18.5,9.4,9.5,78036,96940,46.0
CFWPC,12550 Windfern Road B, Houston, Texas,77064,Southwest Zone,True,77064,49240,18898,8856,221,7534,20874,3.2,1.2,4.5,5.5,12.2,16.9,16.6,18.9,9.0,12.0,82500,104824,41.7
Champs,8375 E Blue Sky Way, Anahiem Hills, California,92808,Southern Pacific Zone,True,92808,21080,12509,406,5,4508,3032,1.1,2.9,2.4,4.2,3.3,7.2,7.6,24.5,13.4,33.4,144348,178386,32.8
Charlotte Sharks,825 Park Slope Dr, Charlotte, North Carolina,28209,Southeast Zone,False,28209,23719,19210,1613,21,682,1780,2.6,2.0,3.2,7.2,7.3,19.0,13.1,16.2,9.6,19.8,92452,146696,29.7
CHAWP,12523 Limonite ave #440-304, Mira Loma, California,92880,Southern Pacific Zone,True,92880,74645,26040,4871,522,19383,29714,2.3,1.2,1.6,2.1,6.0,9.3,10.8,20.9,17.0,28.8,139147,159449,40.0
CHI Water Polo Club - CHICAGO,"Northeastern Illinois University, 5500 North St. Louis Ave.", Chicago, Illinois,60625,Midwest Zone,True,60625,80296,43243,3571,827,11648,25714,4.0,2.4,4.9,7.9,9.6,16.1,13.6,19.3,8.9,13.4,83527,112343,32.3
Chicago Apostles Water Polo,909 West Roosevelt Road, Chicago, Illinois,60608,Midwest Zone,False,60608,82749,27555,14143,754,11715,38697,6.3,5.2,9.1,7.9,11.1,16.3,11.5,16.7,7.8,8.1,66821,86485,35.7
Chicago Aquatic & Polo Club,9753 S. Winchester, Chicago, Illinois,60643,Midwest Zone,True,60643,48270,11188,33996,61,315,1664,5.4,4.0,6.9,8.4,8.6,12.9,13.3,17.0,10.3,13.2,80461,111754,43.9
Clayton Water Polo Club,222 North Meramec Avenue, Clayton, Missouri,63105,Midwest Zone,True,63105,19003,13953,1531,11,1936,603,9.7,1.8,1.4,3.9,6.3,10.3,7.6,18.3,9.5,31.0,116345,197291,24.4
Clovis Water Polo Club,"Clovis North H.S., 2770 E. International Ave", Fresno, California,93730,Central California Zone,True,93730,12461,8069,236,21,1992,2309,4.2,0.7,4.6,4.0,5.3,5.7,10.9,16.7,18.1,29.7,139754,191282,37.2
Club of Chicago,"600 N Kingsbury St, Apt 1906", Chicago, Illinois,60654,Midwest Zone,False,60654,23475,17023,964,34,2282,2448,4.3,0.6,2.1,5.2,3.6,7.0,10.2,19.4,14.5,33.0,138279,197024,25.6
CMAC,"Costa Mesa High School, 2650 Fairview Rd", Costa Mesa, California,92626,Southern Pacific Zone,True,92626,50198,29050,1135,537,6873,15105,4.1,1.9,4.2,3.3,7.0,10.6,15.3,22.4,13.5,17.5,105281,137216,34.3
Colorado High School Water Polo Association,3945 S Pearl Street, Englewood, Colorado,80113,International Zone,False,80113,22784,18799,745,277,292,3151,2.9,3.7,6.9,5.8,9.2,15.3,11.0,14.6,10.0,20.7,89057,170302,30.7
Colorado Water Polo,3945 S. Pearl St., Englewood, Colorado,80113,Mountain Zone,True,80113,22784,18799,745,277,292,3151,2.9,3.7,6.9,5.8,9.2,15.3,11.0,14.6,10.0,20.7,89057,170302,30.7
Commerce Aquatics,"Brenda Villa Aquatic Center (formerly Commerce Aquatorium), 5600 Harbor St", Commerce, California,90040,Coastal California Zone,True,90040,11839,4095,62,432,234,11235,8.0,7.7,8.3,5.1,8.9,18.1,12.5,16.6,10.4,4.6,62083,80050,44.1
Conqueror Club Polo,1845 Wheaton Avenue, Claremont, California,91711,Coastal California Zone,False,91711,37542,21119,1982,110,5689,9368,2.2,1.6,5.0,5.5,7.4,10.3,11.2,17.1,13.3,26.3,115079,153027,33.4
Coronado Aquatics Club,"Brian Bent Memorial Aquatics Complex, 818 6th St", Coronado, California,92118,Pacific Southwest Zone,True,92118,17602,14002,605,223,641,3383,3.3,1.3,4.2,5.2,5.9,9.4,8.0,20.1,13.1,29.4,125558,189078,34.6
Costa Del Sur S.C.,737 Ashbrook Ave, Chula Vista,California,91913,Pacific Southwest Zone,True,91913,56102,19466,4394,96,14689,27469,3.2,1.7,2.4,2.7,5.1,9.8,10.2,27.8,17.1,19.9,124531,146658,43.4
Cowtown Water Polo,9437 Shields St., Fort Worth, Texas,76244,Southwest Zone,True,76244,75185,51865,7034,49,6044,13760,1.1,0.7,3.4,4.5,4.6,12.2,14.8,25.2,14.6,18.9,116568,132998,26.3
Credo Water Polo Club,221 23rd Street, Costa Mesa, California,92627,Southern Pacific Zone,False,92627,62181,35093,457,672,3242,25367,3.0,2.0,4.3,4.7,8.6,11.7,13.1,20.0,10.4,22.1,105647,144682,37.9
CV United Water Polo,"Turlock High School, 1600 E Canal", Turlock, California,95380,Central California Zone,True,95380,44204,24709,586,376,1376,23941,5.0,4.3,9.3,9.7,11.3,18.6,12.8,16.9,5.5,6.7,63548,82270,45.9
Daisy Water Polo Club,8947 S Swan Cir., Brentwood, Missouri,63144,Midwest Zone,True,63144,9027,7392,287,4,545,184,3.1,1.2,4.3,5.1,7.9,17.8,12.6,22.8,9.7,15.5,95276,124145,25.7
Darkside,13992 Crystal Grove Ct, San Diego,California,92130,Pacific Southwest Zone,False,92130,57363,30924,155,366,19065,4680,2.8,1.8,1.8,2.3,3.9,5.9,6.4,13.7,14.1,47.4,186000,246027,28.5
Davis Water Polo Club,1129 Villaverde Ln., Davis, California,95618,Central California Zone,True,95618,26946,16132,742,268,6581,4427,8.2,3.7,5.7,5.0,6.1,10.4,7.2,19.2,9.5,24.8,105625,143939,29.6
Daytona Beach Water Polo Club,252 South Beach St, Ormond Beach, Florida,32174,Southeast Zone,False,32174,52140,45420,2644,9,1270,3235,4.6,3.6,8.6,8.9,11.5,20.0,13.0,15.4,6.9,7.4,65503,88778,37.2
Del Mar Water Polo Club,2658 Del Mar Heights Rd Suite 204, San Diego, California,92014,Pacific Southwest Zone,True,92014,12532,10142,206,0,630,937,0.6,1.8,1.5,2.6,3.6,3.4,5.1,16.7,14.5,50.3,203520,276825,35.2
Denver Squid Aquatics Club,PO Box 7558, Denver, Colorado,80207,Mountain Zone,False,80207,22313,11933,5682,59,288,4236,4.6,2.1,3.9,4.9,5.6,15.1,11.9,16.4,12.8,22.9,104000,144233,33.3
Denver Water Polo,2252 S Albion Street, Denver, Colorado,80207,Mountain Zone,False,80207,22313,11933,5682,59,288,4236,4.6,2.1,3.9,4.9,5.6,15.1,11.9,16.4,12.8,22.9,104000,144233,33.3
Des Moines Water Polo,512 Grand Avenue, West Des Moines, Iowa,50265,Midwest Zone,False,50265,33222,26781,1817,11,1785,2204,2.5,2.5,5.0,9.1,11.6,15.8,12.3,19.0,10.6,11.6,81579,115323,30.0
Diablo Alliance Water Polo,PO Box 932, Orinda, California,94563,Pacific Zone,True,94563,19416,13810,38,42,2891,1171,1.6,2.0,2.7,1.5,3.1,5.1,3.6,11.4,8.0,61.0,"250,000+",370759,30.5
Dixon Water Polo Club,"Dixon Community Pool, 455 E. Mayes St", Dixon, California,95620,Central California Zone,False,95620,22004,14635,416,55,698,8746,3.0,1.1,1.4,5.1,12.3,11.6,20.1,23.3,9.8,12.2,94042,117972,34.0
Dolfin Aquatics,762 Live Oak Ln., Oviedo, Florida,32765,Southeast Zone,True,32765,63210,43844,4922,98,4296,13832,3.9,1.5,4.9,5.9,8.0,15.8,10.9,20.3,12.4,16.2,98584,124215,33.4
Duke City Aquatics,6705 Fortuna Rd Sw, Albuquerque, New Mexico,87105,Mountain Zone,True,87105,55295,25340,448,3189,104,44191,7.4,7.9,11.4,12.4,13.8,16.2,12.5,12.2,3.8,2.5,46124,61862,41.5
Dynamo Water Polo,3119 Shallowford Rd, Atlanta, Georgia,30341,Southeast Zone,False,30341,32582,15978,5903,1391,3107,8567,6.8,3.2,6.3,9.3,9.4,14.9,13.6,13.0,8.8,14.6,75104,114791,28.4
East,"Esperanza High School, 1830 N. Kellog Drive", Anaheim, California,92807,Southern Pacific Zone,False,92807,36117,23390,495,111,5924,8733,2.7,1.4,2.0,2.2,7.6,9.6,9.6,21.3,14.8,28.9,133894,163859,40.5
East Bay Masters Water Polo,1665 Visalia Ave, Berkeley, California,94707,Pacific Zone,False,94707,12596,9078,156,12,1879,579,3.3,0.8,2.0,3.9,3.1,6.9,7.3,14.2,10.8,47.5,186579,251297,30.5
East County Aquatics,"Grossmont High School Pool, 1100 Murray Drive", El Cajon, California,92020,Pacific Southwest Zone,True,92020,59775,40912,3411,178,2730,15813,4.5,4.6,8.2,7.1,11.7,16.4,13.3,15.6,8.6,10.1,71400,95361,43.8
East Side Water Polo,275 Plaza Dr, Westmont, Illinois,60559,Midwest Zone,True,60559,24411,16764,1481,92,3361,3214,4.8,2.5,3.9,6.4,8.7,15.7,14.6,18.6,9.7,15.0,88290,119590,33.9
Eghbali Aquatics Academy,"Beverly Hills High School, 241 Moreno Dr.", Beverly Hills, California,90212,Coastal California Zone,True,90212,10881,8058,188,16,1394,911,7.8,3.2,4.8,3.1,5.8,14.1,9.4,14.8,10.5,26.5,101963,183731,37.5
Eldads Water Polo,1480C Moraga Rd. #161, Moraga, California,94556,Pacific Zone,False,94556,15959,10467,92,19,3536,1222,2.6,3.2,2.9,1.4,3.1,6.1,6.6,13.3,11.5,49.1,193750,259344,33.7
Elevate Water Polo Club,302 Portola Road, Portola Valley, California,94028,Pacific Zone,True,94028,6888,5413,4,10,478,926,1.1,0.0,3.2,2.5,2.2,2.9,6.3,13.4,10.4,58.0,243516,415955,34.5
Elite Water Polo,42200 Nighthawk Way, Murrieta, California,92562,Southern Pacific Zone,True,92562,64155,41536,2860,342,3130,22591,2.9,1.8,3.1,4.4,6.7,13.3,13.2,24.0,13.5,17.1,108595,133206,39.3
Elmhurst Aquatics,355 St. Charles Road, Elmhurst, Illinois,60558,Midwest Zone,True,60558,13557,12535,27,23,301,790,1.0,0.2,1.9,1.0,3.3,6.2,7.4,13.9,15.5,49.7,198836,276402,31.8
Elsinore Aquatics Club,21800 Canyon Dr, Wildomar, California,92595,Southern Pacific Zone,True,92595,34698,18705,1290,442,2153,13664,4.4,1.5,5.2,4.0,6.6,18.0,14.8,19.5,12.9,13.0,93376,114616,45.3
Eugene City Water Polo,"Amazon Pool, 2600 Hilyard Street", Eugene, Oregon,97405,Pacific Northwest & Hawaii Zone,True,97405,46695,40083,297,88,1430,3244,3.9,3.3,6.5,5.2,9.8,14.0,15.6,18.5,9.4,13.9,86613,117801,24.7
Euroskill,"Fremont High School, 575 W Fremont Ave", Sunnyvale, California,94087,Pacific Zone,True,94087,58913,20148,696,394,30793,5095,2.0,1.5,2.5,1.6,3.9,6.8,7.8,12.5,11.9,49.5,196611,268543,27.5
Exeter Water Polo,"Exeter Union High School, Rocky Hill Dr.", Exeter, California,93221,Central California Zone,False,93221,14423,8328,72,92,513,7590,3.6,4.0,8.9,5.0,10.9,15.0,15.6,14.8,11.5,10.6,80062,105694,46.7
Fallbrook Associated Swim Team,"Fallbrook High School, 2400 Stagecoach Lane", Fallbrook, California,92028,Pacific Southwest Zone,True,92028,51135,32710,1045,680,1683,21515,3.9,1.6,4.8,5.7,9.9,14.0,11.6,19.5,12.4,16.6,96160,121117,41.7
Fight On Water Polo Club,1026 W 34th Street, Los Angeles, California,90089,Coastal California Zone,False,90089,4164,1838,409,22,1091,653,100.0,0.0,0.0,0.0,0.0,0.0,0.0,0.0,0.0,0.0,-,N,0.0
Florida East Coast Water Polo Club,1500 NW 15th CT, Boca Raton, Florida,33486,Southeast Zone,False,33486,22991,18493,886,96,584,3922,5.8,1.7,4.7,8.8,8.5,9.6,8.6,19.3,10.8,22.2,106343,147695,35.8
Foothill Club,"Pomona College- Haldeman Pool, 575 N Amherst Ave", Claremont, California,91711,Coastal California Zone,True,91711,37542,21119,1982,110,5689,9368,2.2,1.6,5.0,5.5,7.4,10.3,11.2,17.1,13.3,26.3,115079,153027,33.4
Fort Bend Aquatics Club,16701 Bissonnet St, Houston, Texas,77083,Southwest Zone,True,77083,75004,17369,22903,380,16626,28413,4.0,2.9,9.7,9.9,13.9,17.7,13.0,13.7,8.7,6.5,61979,86046,41.6
Fresno Dolphins Water Polo,758 W Enterprise Ave, Clovis, California,93619,Central California Zone,False,93619,50848,32951,966,395,7557,12389,2.2,0.8,2.4,1.9,6.9,8.8,11.5,22.3,17.9,25.2,131268,157751,39.3
Gateway Water Polo Club,"Lindbergh High School, 5000 S Lindbergh Blvd", St. Louis, Missouri,63126,Midwest Zone,False,63126,15201,13989,265,0,164,683,1.9,1.6,3.5,4.1,7.4,17.5,12.7,22.6,13.0,15.8,105307,124893,31.8
Gator Water Polo,PO Box 13313, Gainesville, Florida,32604,Southeast Zone,True,32603,6855,5287,341,7,697,991,44.6,10.0,11.9,12.6,6.0,7.3,2.5,1.8,0.8,2.4,12894,28727,26.6
Gladiators WP Club,11011 SW 104TH ST, Miami, Florida,33176,Coastal California Zone,False,33176,52719,26150,6515,51,1071,32922,5.1,2.9,5.9,5.4,9.7,17.9,10.2,14.5,10.6,17.7,80612,127851,48.6
Glass City Water Polo,6121 Burrwood Dr., Sylvania, Ohio,43560,Midwest Zone,False,43560,32717,29196,819,0,1398,788,3.4,1.4,3.9,5.3,8.4,15.6,11.9,18.7,12.9,18.5,100047,145723,25.7
Gold Coast Aquatics,7449 Pierce St, Ventura, California,93003,Coastal California Zone,True,93003,53283,40401,852,373,2672,16985,4.6,2.5,4.1,4.9,10.3,12.4,12.4,22.0,11.6,15.1,96895,118962,35.9
Gold Country Water Polo Club,2837 Aquamarine Cir, Rescue, California,95672,International Zone,False,95672,5744,5270,2,88,83,667,2.6,0.7,0.5,3.5,9.1,11.3,8.3,17.1,17.0,29.9,138813,165444,43.0
GR Elite,2211 Lake Dr SE, East Grand Rapids, Michigan,49506,Midwest Zone,False,49506,33877,26827,3283,130,696,1451,1.7,1.7,5.6,3.5,8.0,14.3,11.5,22.6,13.7,17.6,106971,141808,29.9
Great Lakes Aquatics,"Rockford High School, 4100 Kroes", Rockford, Michigan,49341,Midwest Zone,True,49341,39094,36116,282,47,306,1130,1.4,1.8,3.6,5.8,7.1,13.3,14.0,23.8,16.5,12.6,107117,126122,30.8
Greater Ogden Aquatic Team,2828 Harrison Blvd, Ogden, Utah,84403,Mountain Zone,False,84403,36982,30858,824,206,473,7869,3.8,3.8,4.6,4.4,10.1,19.8,14.4,19.2,9.7,10.2,80749,108510,37.1
Greater Orlando Aquatics Team,4200 Dike Road, Winter Park, Florida,32792,Southeast Zone,True,32792,52120,33405,6283,135,2455,13476,8.9,2.2,6.4,9.5,12.9,17.8,14.4,12.9,8.1,6.8,63365,84386,37.5
"Hawaii Water Polo, Inc",380 D Haleloa Place, Honolulu,Hawaii,96821,Pacific Northwest & Hawaii Zone,False,96821,18802,3714,182,6,10197,527,1.9,2.0,1.7,1.3,4.5,11.3,8.9,16.3,14.5,37.7,158665,213569,36.7
Hialeah Storm Water Polo Club,4800 Palm Ave, Hialeah, Florida,33012,Southeast Zone,True,33012,71088,33813,675,14,137,68450,8.0,9.2,14.8,10.6,11.8,18.4,10.9,9.0,4.0,3.3,41921,60240,41.6
Hinsdale Water Polo Club,320 West Maple Street, Hinsdale, Illinois,60521,Midwest Zone,False,60521,18102,13765,201,8,2370,1088,1.2,0.6,2.3,2.7,2.3,5.7,6.4,12.1,9.5,57.2,242462,368990,32.0
Holy Cross Polo,1378 Sprucewood Dr, San Jose, California,95118,Pacific Zone,False,95118,32827,17369,619,134,7497,8551,2.6,1.8,3.6,3.0,4.6,8.1,9.5,18.0,13.6,35.2,142563,183965,29.1
Honolulu Masters Water Polo Club,1201 Ala Moana Blvd, Honoluu, Hawaii,96814,Pacific Northwest & Hawaii Zone,False,96814,22723,3288,215,12,14300,1980,8.6,5.1,6.4,6.1,11.6,12.3,13.0,15.2,10.8,10.9,74221,98893,33.8
Honolulu Water Polo,5499 Opihi St., Honolulu, Hawaii,96821,Pacific Northwest & Hawaii Zone,False,96821,18802,3714,182,6,10197,527,1.9,2.0,1.7,1.3,4.5,11.3,8.9,16.3,14.5,37.7,158665,213569,36.7
Hood River Water Polo,PO Box 1194, Hood River, Oregon,97031,Pacific Northwest & Hawaii Zone,True,97031,19376,15276,176,10,181,5935,3.0,3.8,3.0,8.6,11.4,13.6,15.4,17.2,9.3,14.6,83791,117747,34.4
HOPS,4500 University Dr, Houston, Texas,77004,Southwest Zone,False,77004,35506,11235,17422,29,2869,4547,13.0,6.6,5.6,5.5,7.9,16.6,10.4,11.5,9.7,13.2,68141,100659,40.4
Houston Hydra Water Polo Club,7710 Cherry Park PMB 406, Houston, Texas,77095,Southwest Zone,True,77095,69644,33611,10604,417,8902,19725,2.5,0.8,2.7,5.0,8.3,20.1,15.7,19.4,12.0,13.4,90690,114537,35.6
I.E Storm Water Polo Club,3077 Prado Ln, Colton, California,92324,Southern Pacific Zone,True,92324,57593,21730,5042,622,1541,42042,5.7,3.7,6.2,6.7,13.9,22.2,13.1,18.5,6.5,3.5,66836,78675,45.3
Imperial Water Polo Club,20402 Newport Coast Drive, Newport Coast, California,92657,Southern Pacific Zone,True,92657,9169,5911,52,0,2175,820,3.8,0.4,1.6,0.0,2.6,5.1,7.8,21.0,8.1,49.5,194881,286696,33.7
Indiana Water Polo Club,3572 S Wickens St., Bloomington, Indiana,47403,Midwest Zone,False,47403,34165,29185,2092,41,770,2035,5.6,5.1,8.3,7.9,10.2,19.4,18.0,17.2,4.7,3.5,66572,73967,33.6
Inland Northwest KROC Water Polo,1765 W Golf Course Rd, Coeur d'Alene, Idaho,83815,Pacific Northwest & Hawaii Zone,False,83815,38934,34876,176,425,609,1645,3.2,2.8,6.1,10.5,11.6,18.6,15.8,17.6,8.7,5.1,69905,89502,29.0
Iolani Raiders Water Polo Club,563 Kamoku Street, Honolulu, Hawaii,96826,Pacific Northwest & Hawaii Zone,False,96826,30068,4204,608,64,16237,2186,8.8,5.4,7.2,7.3,11.4,18.5,13.7,15.7,6.4,5.6,63968,80292,34.8
Irvine Water Polo Club (Kahuna),"William Woollett Jr. Aquatics Center (WWJAC) At Heritage Park, 4601 Walnut Avenue", Irvine, California,92604,Southern Pacific Zone,True,92604,29080,15574,456,91,9474,3418,4.3,2.8,4.3,3.6,5.0,10.5,8.3,23.2,14.4,23.6,120460,147547,33.5
Island Water Polo,750 Kolani Place, Wailuku, Hawaii,96793,Pacific Northwest & Hawaii Zone,True,96793,33414,5831,467,111,11119,3563,2.6,2.4,5.7,3.3,9.6,13.8,9.7,24.6,14.6,13.7,107101,120335,44.4
Jacksonville Water Polo,1263 Preston Place, Jacksonville, Florida,32207,Southeast Zone,True,32207,35392,22525,6814,153,2795,5366,7.8,4.9,7.4,9.0,14.8,14.6,9.5,16.3,7.7,7.9,59883,91810,44.3
Juneau Water Polo Club,1967 Sonoma Crest Cir, Anchorage, Alaska,99516,Pacific Northwest & Hawaii Zone,False,99516,21788,16562,569,1125,857,1545,1.2,0.4,2.3,3.5,4.3,9.3,7.5,20.6,17.5,33.3,151291,196760,32.1
Jungle Cat Water Polo,6218 Tholozan Ave, St. Louis, Missouri,63109,Midwest Zone,False,63109,25787,23544,1205,0,272,751,3.8,3.0,7.3,10.3,11.9,17.7,14.5,16.0,9.1,6.4,68756,88207,33.0
Kearns,5624 S. Cougar Lane, Kearns,Utah,84118,Mountain Zone,True,84118,41387,22862,940,520,1128,16379,1.6,1.0,4.0,4.4,11.3,18.5,20.8,22.1,12.9,3.5,81808,95659,43.5
Kern Premier Aquatics Club,"Garces Memorial High School, 2800 Loma Linda Dr.", Bakersfield, California,93312,Central California Zone,True,93312,59616,38229,1929,677,4146,19805,2.0,1.8,2.7,3.2,8.1,10.9,15.9,22.8,15.4,17.3,111084,130772,35.2
Kings Water Polo Club,13298 Elder Ave, Hanford, California,93230,Central California Zone,True,93230,68572,40120,4289,862,2450,35101,4.0,2.5,6.8,7.6,12.8,16.8,14.0,18.6,10.2,6.7,72996,90927,47.0
Kingsburg Water Polo Club,"968 Sierra St, NUM 216", Kingsburg, California,93631,Central California Zone,True,93631,16588,11450,81,78,1032,7863,6.5,3.3,9.1,5.4,9.1,17.0,17.4,15.9,7.5,8.9,74718,92740,45.4
Kraken Water Polo,757 Smithstone Road, Marietta, Georgia,30067,Southeast Zone,True,30067,46595,21032,12866,282,3735,5431,5.8,3.1,4.8,7.3,12.9,18.1,13.0,13.8,7.7,13.5,72083,116910,38.0
La Canada Spartan Water Polo Club,4463 Oak Grove Dr., La Canada, California,91011,Coastal California Zone,False,91011,20389,11893,218,9,6256,2004,1.8,1.8,2.0,1.0,2.8,6.4,4.7,13.4,13.7,52.4,210532,310789,36.4
La Jolla United WPC,800 Nautilus Street, La Jolla, California,92037,Pacific Southwest Zone,True,92037,37665,28655,441,49,4271,4917,3.9,1.7,4.1,3.9,7.3,10.9,7.9,15.0,12.3,33.0,136601,204979,37.9
La Mirada Armada Water Polo,"La Mirada Splash, 13806 La Mirada Blvd.", La Mirada, California,90638,Coastal California Zone,False,90638,46170,19446,669,345,10051,21599,3.2,2.5,6.6,3.4,5.3,15.4,10.2,22.3,13.5,17.5,104114,122431,35.3
Laguna Beach Water Polo,"Laguna Beach City/H.S. Pool, 625 Park Ave.", Laguna Beach, California,92651,Southern Pacific Zone,True,92651,23981,20683,101,90,724,1675,3.2,1.9,2.4,3.8,5.5,8.9,10.7,14.2,10.8,38.6,148381,241814,35.2
Lake Oswego Water Polo Organization,559 Sunny Hill Dr., Lake Oswego, Oregon,97034,Pacific Northwest & Hawaii Zone,True,97034,20930,17254,47,19,1216,958,2.5,1.9,4.3,3.3,5.0,10.4,7.4,18.2,9.8,37.3,140687,223081,29.5
Lamorinda Water Polo,PO Box 1035, Lafayette, California,94549,Pacific Zone,True,94549,28456,21794,201,28,3227,2107,2.6,1.4,1.7,2.3,3.1,4.1,7.2,14.5,8.9,54.0,221148,309976,31.4
Lokahi Water Polo Club,1201 Ala Moana Blvd, Honolulu, Hawaii,96814,Pacific Northwest & Hawaii Zone,True,96814,22723,3288,215,12,14300,1980,8.6,5.1,6.4,6.1,11.6,12.3,13.0,15.2,10.8,10.9,74221,98893,33.8
Long Beach Aquatics Federation,"Long Beach Wilson High School, 4400 E. 10Th Street", Long Beach, California,90804,Coastal California Zone,True,90804,37299,18766,5119,449,5260,16926,5.9,5.1,6.7,9.8,10.2,19.0,13.7,17.5,6.9,5.2,64160,80314,35.7
Long Beach Rams Water Polo,2800 Snowden Ave, Long Beach, California,90815,Coastal California Zone,False,90815,42759,27858,3236,340,4687,10916,3.7,1.6,4.9,3.8,5.3,12.5,11.7,21.5,12.8,22.3,110565,142489,36.2
Longhorn Aquatics,"UT Swim Center, 1900 Robert Dedman Drive, 1 University Stateion D4000", Austin, Texas,78712,Southwest Zone,False,78712,210,156,27,0,27,39,-,-,-,-,-,-,-,-,-,-,-,-,-
Los Alamitos Aquatics Foundation,6731 Santa Catalina, Garden Grove, California,92845,Southern Pacific Zone,False,92845,15530,10661,265,71,2223,2800,3.4,0.8,2.2,3.0,4.8,12.2,12.9,18.9,20.8,21.1,126103,141401,37.9
Los Angeles Premier,3700 Coldwater Canyon Ave., Studio City, California,91604,Coastal California Zone,True,91604,32073,23363,1366,93,2765,3817,4.7,1.7,3.5,4.1,7.6,10.6,6.8,19.4,10.6,31.0,132494,205792,38.4
Los Angeles Water Polo Club,27810 Via Amistosa, Agoura Hills, California,91301,Coastal California Zone,True,91301,25244,18814,398,24,1701,4063,3.8,0.5,2.0,2.9,4.5,8.4,9.5,15.9,12.8,39.8,157582,225456,33.2
Los Angeles Water Polo Foundation,"San Juan Hills High School, 29211 Vista Montana", San Juan Capistrano, California,92675,Southern Pacific Zone,False,92675,35099,22764,211,215,1383,13476,3.6,1.4,3.7,4.3,4.7,12.1,9.1,21.3,15.3,24.6,123474,163359,39.4
Lyons Aquatics Water Polo Club,"Lyons Township High School (South Campus), 4900 S Willow Springs Road", Western Springs, Illinois,60558,Midwest Zone,True,60558,13557,12535,27,23,301,790,1.0,0.2,1.9,1.0,3.3,6.2,7.4,13.9,15.5,49.7,198836,276402,31.8
Malibu Water Polo Foundation,5326 Lake Crest Dr., Agoura Hills, California,91301,Coastal California Zone,False,91301,25244,18814,398,24,1701,4063,3.8,0.5,2.0,2.9,4.5,8.4,9.5,15.9,12.8,39.8,157582,225456,33.2
Marco Polo Water Polo Club,395 Doherty Drive, Larkspur, California,94939,Pacific Zone,False,94939,7488,6045,33,0,291,395,4.6,0.9,3.2,5.5,4.8,10.8,4.0,11.5,10.8,44.1,156250,231480,34.6
Marin Water Polo Club,940 Via Escondida, Novato, California,94949,Pacific Zone,False,94949,18545,11835,976,163,1539,3853,2.3,1.6,2.2,2.5,8.0,13.4,14.5,17.1,11.2,27.2,112068,169850,37.3
Marko Polo Water Polo,3600 Torrey Pines Blvd, Sarasota, Florida,34238,Southeast Zone,True,34238,22426,20300,628,0,328,1485,4.7,0.8,5.2,6.2,7.6,15.7,12.5,17.9,9.9,19.4,91936,132845,38.2
Men's National Team,"6 Morgan, Suite 150", Irvine, California,92618,Southern Pacific Zone,False,92618,59386,21623,869,112,29314,5935,7.1,1.8,3.6,4.0,4.8,9.0,8.4,17.3,13.8,30.3,132843,174048,32.3
Menlo Mavens Masters Water Polo,501 Laurel St., Menlo Park, California,94025,Pacific Zone,False,94025,41017,25269,1160,203,6578,7339,2.1,1.3,2.0,2.8,4.6,6.3,5.6,13.7,10.9,50.7,207656,324294,28.4
Mercer Island Water Polo Club,"Mercer Island Country Club, 8700 Southeast 71St Street", Mercer Island, Washington,98040,Pacific Northwest & Hawaii Zone,False,98040,25464,16882,340,24,5658,826,2.9,0.6,2.9,5.2,4.5,9.0,5.6,12.3,8.7,48.3,190985,290655,24.8
Mesa Water Polo Academy,848 N Horne, MESA, Arizona,85203,Mountain Zone,True,85203,38202,27025,1992,1590,1026,10548,4.1,2.9,5.7,6.9,14.3,19.6,15.4,15.0,8.4,7.6,69274,93467,41.9
Miami Beach International Water Polo Club,"Florida International University - Biscayne, 3000 Ne 145 St.", North Miami, Florida,33181,Southeast Zone,True,33181,20448,9427,5854,12,239,9408,4.2,3.7,10.2,13.3,12.1,19.1,13.8,12.8,5.0,5.7,54618,87258,33.6
Miami Country Day Aquatics,601 NE 107 Street, Miami, Florida,33161,Southeast Zone,False,33161,52824,10774,30954,36,865,15491,6.6,4.5,11.5,13.1,15.2,17.4,14.3,9.4,4.2,4.0,49159,69266,39.4
Miami Riptides Water Polo,10421 S W 199Th St, Miami, Florida,33157,Southeast Zone,True,33157,69152,31917,13064,503,1332,39835,4.4,4.8,7.2,6.1,10.1,14.6,13.7,15.0,8.9,15.2,77994,115538,44.5
Miami Whitecaps Water Polo Club,12225 SW 42nd ST, MIAMI, Florida,33175,Southeast Zone,False,33175,50233,29644,176,88,663,46126,4.4,3.6,7.7,9.1,11.9,15.0,13.2,18.9,6.7,9.5,71621,96617,50.3
Mid Valley Water Polo,"1161 W. Duarte Rd., Unit 12", Arcadia, California,91007,Coastal California Zone,True,91007,33367,9400,527,96,18356,5760,4.1,2.5,4.6,4.2,8.0,17.2,12.1,17.7,12.1,17.5,93128,136547,36.9
Mid-Michigan Raptor Water Polo Club,"East Lansing High School, 509 Burcham Drive", East Lansing, Michigan,48823,Midwest Zone,True,48823,49713,37885,3245,168,4636,2484,14.3,6.1,8.5,9.6,12.2,12.4,8.6,12.3,6.7,9.2,49302,90197,33.8
Mid-Pen Water Polo Club,199 Churchill Avenue, Woodside, California,94062,Pacific Zone,True,94062,26531,20022,445,31,2207,3571,2.0,2.1,2.1,1.8,2.1,6.3,6.1,10.8,10.8,55.8,230391,345497,28.3
Minnesota Water Polo Club,1603 Ford Parkway #6, St. Paul, Minnesota,55116,Midwest Zone,False,55116,26595,19746,3723,59,775,1098,4.6,4.8,9.1,5.3,11.5,14.4,9.2,16.5,9.8,14.8,75683,115556,28.8
Mission Water Polo Club,26351 Junipero Serra Roaf, Encinitas, California,92675,Southern Pacific Zone,False,92675,35099,22764,211,215,1383,13476,3.6,1.4,3.7,4.3,4.7,12.1,9.1,21.3,15.3,24.6,123474,163359,39.4
MLAC,7 Horseman Dr, Pittsburgh, Pennsylvania,15228,Northeast Zone,False,15228,18401,16873,146,0,403,388,2.8,2.5,3.2,5.0,6.2,10.5,8.7,22.7,13.9,24.6,125786,169234,30.2
Modesto/Stanislaus Water Polo,2352 Roseborough Ct., Turlock, California,95382,Central California Zone,True,95382,38727,24016,1135,250,3004,13194,3.2,1.4,7.0,8.3,9.0,13.8,13.0,19.8,12.2,12.4,89600,111391,41.7
Monterey Bay United Water Polo,"Santa Catalina School, 1500 Mark Thomas Drive", Monterey, California,93940,Pacific Zone,True,93940,31513,21883,876,309,2467,5963,3.1,1.7,4.4,5.0,7.7,12.4,14.3,19.3,13.9,18.1,103946,140802,35.1
Moonlight Beach Water Polo Club,533 Lomas Santa Fe Dr., Solana Beach, California,92075,Pacific Southwest Zone,True,92075,12072,9391,141,77,568,1871,3.2,1.3,3.9,3.7,2.8,16.1,9.2,14.9,10.8,34.2,128000,197622,35.3
Multnomah Athletic Club Water Polo,1849 SW Salmon St., Portland, Oregon,97219,Pacific Northwest & Hawaii Zone,False,97219,44074,34936,1440,174,2396,3523,2.6,1.8,3.9,4.7,6.5,10.2,13.3,18.6,13.7,24.8,114341,164098,27.2
Murray Spartan Water Polo,296 E. Murray Park Ave, Murray, Utah,84107,Mountain Zone,False,84107,36697,27584,1041,370,1763,5684,4.0,3.7,5.6,9.2,13.6,18.2,16.1,15.1,6.9,7.5,66626,89043,28.5
Napa Valley Masters Water Polo Club,"Napa Valley College, 2277 Napa-Vallejo Hwy", Napa, California,94558,Pacific Zone,False,94558,65084,45760,693,874,1519,23448,4.1,2.1,3.9,5.2,7.0,12.1,11.2,20.3,13.2,20.9,110397,144156,33.9
Narrows Water Polo Club,P.O. Box 365, Fox Island, Washington,98333,Pacific Northwest & Hawaii Zone,True,98333,3644,3380,0,30,52,185,0.0,0.6,2.3,3.0,11.3,8.4,9.4,13.3,12.7,39.0,157566,214929,28.8
Navy Aquatic Club,Macdonough Hall Usna, Annapolis, Maryland,21402,Northeast Zone,True,21402,2727,1742,262,17,117,687,0.0,0.0,0.0,1.7,11.1,35.9,8.2,35.3,5.5,2.3,81125,91360,33.8
NC Select,"Greensboro Aquatic Center, 1921 W. Gate City Blvd", Greensboro, North Carolina,27403,Southeast Zone,True,27403,19553,10736,5125,13,1048,2166,8.4,3.9,11.5,8.0,13.0,20.7,14.7,9.9,5.5,4.3,53023,72294,38.8
Neptunes Water Polo,4000 Jefferson St., Hollywood, Florida,33021,Southeast Zone,True,33021,50300,32241,8080,164,1117,18032,4.4,2.6,8.0,10.2,11.9,17.8,11.0,16.1,6.9,11.1,66515,99079,33.8
New Mexico High School Water Polo,6705 Fortuna Rd N.W.,,New Mexico,87121,Mountain Zone,False,87121,76980,35534,1760,2232,999,64204,7.6,6.5,8.5,10.0,14.0,21.3,13.8,14.1,2.3,2.1,53326,66128,39.7
New Trier Aquatics,P.O Box 407, Winnetka, Illinois,60093,Midwest Zone,False,60093,20272,17864,14,18,990,1476,3.1,0.9,2.7,3.1,3.0,8.7,6.6,9.9,7.7,54.2,227013,380814,34.2
New York Athletic Club,180 Central Park South, New York, New York,10019,Northeast Zone,False,10019,42766,26754,2630,488,8056,7232,7.4,4.3,7.6,4.6,9.2,6.4,6.9,11.5,9.9,32.2,113335,190544,28.4
Newberg Water Polo Club,"Chehalem Aquatic Center, 1802 Haworth Ave.", Newberg, Oregon,97132,Pacific Northwest & Hawaii Zone,True,97132,31289,25807,196,233,731,4523,3.4,2.0,5.4,4.7,9.4,16.1,12.8,23.8,9.0,13.4,91499,119498,28.4
Newport Beach Water Polo,P.O. Box 2678, Newport Beach, California,92659,Southern Pacific Zone,True,92663,21886,18728,77,25,753,3084,4.2,1.5,3.0,4.1,3.6,11.5,11.9,19.4,9.4,31.4,123333,202963,35.5
Next Level Water Polo Club,"The Long Center, 1501 N Belcher Rd", ClearWater, Florida,33765,Southeast Zone,True,33765,14578,10882,1244,23,932,2470,5.2,4.6,10.8,8.3,12.4,18.3,14.2,9.5,7.7,9.0,59965,87706,48.2
Nicole Lum,541 N. Fairbanks, Chicago, Illinois,60638,Midwest Zone,False,60638,57799,34821,1411,1042,468,32545,4.1,1.7,7.0,6.1,11.3,16.1,10.6,24.6,10.4,8.3,85374,99674,42.7
NIPC,7015 W. Meadow Lane, Long Grove, Illinois,60060,Midwest Zone,True,60060,37131,24322,858,670,3809,12233,2.7,1.4,2.4,4.8,7.3,14.1,15.4,22.0,12.9,16.9,104405,128633,38.4
NORCAL - Northern California Aquatics,201 Almond Ave., Los Altos, California,94022,Pacific Zone,False,94022,20052,10878,20,18,7767,915,2.4,0.7,1.5,2.1,2.0,5.3,4.6,11.2,6.9,63.3,"250,000+",401497,26.3
Norco Polo,1378 W Schuylkill Road, Pottstown, Pennsylvania,19465,Northeast Zone,False,19465,18710,17494,116,7,130,613,2.7,0.9,2.0,5.0,10.3,14.0,14.5,21.7,10.2,18.8,101199,136249,37.6
North Atlanta Water Polo Club,"Cumming Aquatic Center, 201 Aquatic Circle", Cumming, Georgia,30040,Southeast Zone,True,30040,77848,55849,3299,631,9072,8419,1.8,1.4,3.2,2.9,6.8,10.4,10.9,22.4,15.5,24.8,128052,147340,32.3
North Bay Water Polo,2060 W. College Ave, Santa Rosa, California,95401,Pacific Zone,False,95401,36905,20709,330,393,2146,14480,3.7,2.2,5.7,5.0,10.0,17.4,12.3,21.2,11.4,11.1,88439,117149,34.1
North Houston Water Polo Club,71 N. Altwood Circle, The Woodlands, Texas,77384,Southwest Zone,False,77384,22958,17021,1262,52,1789,3228,2.2,0.7,3.8,5.9,11.2,14.9,11.5,12.5,17.7,19.6,99884,139010,35.1
North Irvine Water Polo Club,"William Woollett Jr. Aquatics Center (WWJAC) At Heritage Park, 4601 Walnut Avenue", Irvine, California,92604,Southern Pacific Zone,True,92604,29080,15574,456,91,9474,3418,4.3,2.8,4.3,3.6,5.0,10.5,8.3,23.2,14.4,23.6,120460,147547,33.5
North San Diego Stars,101 Wave Dr., Vista, California,92084,Pacific Southwest Zone,True,92084,49971,30072,1109,609,1962,23733,3.4,1.3,5.1,4.7,10.1,16.0,11.9,18.7,13.1,15.6,94768,117501,39.8
North Texas Thunder Water Polo Club,2600 E Southlake Blvd #120-156, Southlake, Texas,76092,Southwest Zone,True,76092,31212,23644,417,28,5305,2758,1.1,0.5,1.3,1.4,2.9,3.5,4.2,8.9,11.9,64.3,"250,000+",362293,30.5
Northern Sierra Water Polo,12034 LAKESHORE N, Auburn, California,95602,Central California Zone,False,95602,18610,15924,63,82,400,2475,2.7,2.2,4.2,6.1,12.3,13.1,11.9,18.9,12.0,16.6,96578,124146,36.6
Northern Virginia WPC,"Woodrow Wilson Aquatic Center, 4551 Fort Drive NW", Washington, District of Columbia,20016,Northeast Zone,False,20016,32570,24856,2482,15,1944,3065,7.6,0.6,2.2,2.1,3.7,8.3,5.5,13.6,13.1,43.3,169489,268683,28.8
Northwest Water Polo Club,PO BOX 40184, Bellevue, Washington,98015,Pacific Northwest & Hawaii Zone,True,98006,39753,18675,852,71,16498,3411,2.5,0.6,2.0,2.2,4.6,6.5,7.9,14.3,14.1,45.4,185991,239678,24.9
NWC Water Polo Club,1000 S. Quentin Road, Palatine, Illinois,60067,Midwest Zone,False,60067,38380,27489,1175,9,6849,2574,2.2,1.1,3.3,4.5,6.0,12.0,13.5,17.3,12.6,27.5,122691,159984,28.7
Oahu Water Polo Club,"Hawaii Kai Marina, 275 Hakalau Pl", Honolulu, Hawaii,96825,Pacific Northwest & Hawaii Zone,False,96825,30444,8201,141,56,13422,2373,1.9,0.7,2.4,3.7,3.2,8.2,10.5,20.3,20.8,28.3,148536,169693,34.1
Oak City Aquatics,505 Washington Blvd, Oak Park, Illinois,60302,Midwest Zone,False,60302,33063,20959,6934,111,1576,2675,4.0,3.9,4.8,4.9,8.0,14.3,12.1,15.1,9.5,23.3,94036,152767,30.5
Oakland Water Polo,5885 Heron Drive, Oakland, California,94618,Pacific Zone,False,94618,17285,12015,638,45,2091,1455,2.3,1.6,1.9,1.2,2.2,7.9,6.9,14.3,11.4,50.5,202297,267556,28.9
Odin Water Polo Club,"Granite Hills High School (El Cajon), 1719 E. Madison Ave.", El Cajon, California,92019,Pacific Southwest Zone,True,92019,45937,33652,1229,287,1498,9740,3.6,3.2,4.0,5.2,6.7,17.9,11.5,20.7,11.9,15.4,93732,124551,41.9
Ohana Water Polo Academy,"Los Alamitos Joint Forces Training Base, Lexington Dr.", Los Alamitos, California,90720,Southern Pacific Zone,True,90720,23673,14771,867,51,3277,5638,3.2,1.5,2.6,3.8,8.7,9.4,9.2,15.9,13.1,32.7,131660,188202,35.8
Old Pueblo Water Polo,5611 N Placita Arizpe, Tucson, Arizona,85718,Mountain Zone,False,85718,26965,20299,743,199,2093,3506,3.1,3.6,4.6,5.2,8.4,11.2,11.0,15.9,9.9,27.2,107142,164782,29.6
Olimpiakan Reservner (ORWP),11408 Collett Ave., Granada Hills, California,91344,Coastal California Zone,True,91344,53862,29085,1620,415,9411,17103,4.0,3.5,4.4,3.5,6.5,12.8,9.5,21.5,12.9,21.5,111897,141025,43.3
Olympus Aquatics,1917 East 3780 South, Salt Lake City,Utah,84106,Mountain Zone,True,84106,34704,29508,868,451,1428,3149,4.4,3.7,4.5,5.5,7.3,16.4,12.5,21.6,12.3,11.8,90381,114283,33.4
Orange County Riptide,17071 Gothard Ave, Huntington Beach, California,92647,Southern Pacific Zone,True,92647,60114,34272,1160,213,8376,16953,2.9,3.0,4.0,4.6,5.5,14.9,11.8,20.9,13.8,18.6,106555,128210,39.8
Orange County Water Polo Club,11 Terrace Circle, Laguna Niguel, California,92677,Southern Pacific Zone,True,92677,64259,44679,1300,98,7225,10346,2.9,1.9,2.9,3.7,5.2,10.5,8.5,20.2,14.3,30.0,135822,186617,36.7
Orange County Water Polo Foundation,2425 Cambridge Ave., Fullerton, California,92835,Southern Pacific Zone,False,92835,26687,15917,319,43,6539,5715,2.5,1.5,3.9,4.9,5.5,10.8,10.7,16.6,14.0,29.7,131385,180272,30.9
Orcutt Polo Association/One Way Wp Club,P.O. Box 2096, Santa Maria, California,93457,Central California Zone,False,93455,44186,28626,901,495,2094,17063,1.9,1.7,3.8,4.2,9.0,13.7,13.1,24.7,13.4,14.6,105838,127807,39.2
Orlando International WPC,"YMCA of Central Florida, 8422 International Drive", Orlando, Florida,32819,Southeast Zone,False,32819,27826,16307,4087,190,1962,5971,5.3,2.5,4.1,6.5,7.2,17.8,14.1,18.0,9.7,14.9,86306,117258,33.9
Orlando Thunder,"National Training Center, 1935 Don Wickham Dr Clermont", Clermont, Florida,34786,Southeast Zone,True,34786,45914,30178,1634,11,5020,8874,3.1,0.2,2.7,3.5,6.7,13.8,10.9,19.9,12.8,26.2,120117,198121,28.2
Orlando United WPC,10536 Bannan Street, Orlando, Florida,32832,Southeast Zone,True,32832,31143,17550,1912,10,2783,14290,0.6,1.2,3.3,1.3,5.3,17.8,14.2,21.4,17.3,17.5,110885,147526,24.1
Otter Bay Water Polo Foundation,"Pacific Grove High School, 615 Sunset Drive", Pacific Grove, California,93950,Pacific Zone,False,93950,15098,11759,124,64,1285,1704,3.5,1.2,4.7,4.8,7.1,15.4,12.6,18.1,12.8,19.8,102553,139959,29.7
OVAC,26800 S. Academy Dr., Palos Verdes Peninsula, California,90274,Coastal California Zone,True,90274,24942,16049,796,14,5833,1459,2.7,0.5,2.3,3.3,3.7,7.3,6.7,10.7,11.3,51.5,206013,316812,38.7
Owls Water Polo,117 Venetian Lane, Royal Palm Beach, Florida,33411,Southeast Zone,False,33411,73919,40977,17308,27,4425,16053,4.3,2.2,6.0,5.7,8.6,18.2,14.4,19.0,9.6,12.0,83770,106463,41.8
P.V. Water Polo Club,"Palos Verdes Peninsula High School, 27115 Silver Spur Road", Rolling Hills Estates, California,90045,Coastal California Zone,True,90045,41123,23160,3601,450,6130,8000,4.4,2.0,3.3,5.2,5.3,10.4,8.4,20.3,13.0,27.7,125692,162028,36.8
Pacific Polo,13393 Thunderhead Street, San Diego, California,92129,Pacific Southwest Zone,True,92129,52495,27183,990,112,17780,6002,2.8,1.2,2.9,3.1,4.7,8.3,9.3,18.5,15.9,33.3,146754,176589,29.6
Pacific Valley Premier Water Polo Club,"Presentation High School, 2281 Plummer Ave", San Jose, California,95125,Pacific Zone,True,95125,53333,31421,1371,297,8132,14664,2.6,2.2,3.5,3.7,6.3,9.7,8.3,15.2,11.6,36.7,140092,224763,30.6
Pacifica Fog Water Polo,401 Paloma Ave, Pacifica, California,94044,Pacific Zone,True,94044,38061,21921,848,443,8186,6947,2.2,1.5,2.8,3.2,4.3,11.4,8.8,15.3,17.6,32.9,151680,178377,34.7
Pantera Valle Water Polo,"Pioneer Valley High School, 675 Panther Dr.", Santa Maria, California,93454,Central California Zone,True,93454,41110,21737,563,715,1601,28878,2.9,3.5,6.7,7.1,11.4,14.9,20.0,17.2,8.2,8.0,80438,96160,50.9
Park City,"Ecker Hills Middle School, 2465 W Kilby Rd.", Park City, Utah,84098,Mountain Zone,True,84098,20044,18101,101,89,474,1276,2.9,0.3,1.2,4.2,3.5,8.1,9.1,17.4,12.7,40.6,166462,225698,33.6
Paso Robles Aquatics,"Kennedy Club Fitness, 500 South River Rd.", Paso Robles, California,93446,Central California Zone,True,93446,45720,34053,303,610,1493,12831,4.8,2.7,4.1,7.0,9.7,14.8,11.0,21.2,11.2,13.4,89889,120500,37.7
Patriot Water Polo,991 Sand Lake Road, Altamonte Springs,Florida,32714,Southeast Zone,False,32714,38306,22065,7174,154,853,11371,3.9,2.5,6.3,9.9,15.3,21.4,14.7,14.5,6.4,5.2,62581,82672,34.9
Peak Polo,2169 Field House Drive, USAFA, Colorado,80840,Mountain Zone,True,80840,6665,5270,523,55,266,586,3.9,0.8,1.1,9.4,17.4,16.4,16.4,17.4,15.8,1.5,79250,86816,15.8
Pegasus Water Polo Academy,5550 SMU Boulevard, Dallas, Texas,75206,Southwest Zone,True,75206,38432,26862,3603,294,3588,5776,6.3,2.2,3.2,6.7,7.1,18.0,14.3,16.2,9.6,16.4,84784,126636,27.2
Peninsula Water Polo,199 Churchill Drive, Woodside, California,94062,Pacific Zone,False,94062,26531,20022,445,31,2207,3571,2.0,2.1,2.1,1.8,2.1,6.3,6.1,10.8,10.8,55.8,230391,345497,28.3
Pirate Water Polo,2850 South 2750 East, Salt Lake City, Utah,84109,Mountain Zone,True,84109,25623,23268,97,76,889,1146,1.7,1.0,3.8,3.6,4.5,12.3,10.4,22.1,17.1,23.6,128682,164349,28.9
Pittsburgh Water Polo,10375 Perry Hwy., Wexford, Pennsylvania,15090,Northeast Zone,False,15090,24964,20943,192,0,2094,1272,3.1,2.5,2.3,2.2,3.6,11.6,7.4,20.7,14.7,31.8,140313,182172,33.7
Port Streets Polo,1854 Port Westbourne Place, Newport Beach, California,92660,Southern Pacific Zone,True,92660,35926,28452,374,226,2829,3522,5.4,2.2,3.4,3.6,3.8,8.4,6.8,15.5,10.4,40.5,152700,247861,32.3
Porterville Water Polo,2446 W White Chapel Ave, Porterville, California,93257,Central California Zone,True,93257,79217,38848,373,2140,2761,56132,6.1,4.7,8.9,12.3,13.4,19.0,11.4,14.7,5.8,3.7,54889,72910,45.6
Poseidon Water Polo Club,6707 Glenroy St, San Diego, California,92120,Pacific Southwest Zone,False,92120,30241,21082,1800,17,2276,5835,4.8,1.4,4.6,4.9,6.2,9.4,13.9,20.7,12.9,21.2,111909,142138,31.5
Poway Valley Water Polo,14298 Woodcreek Road, Poway,California,92064,Pacific Southwest Zone,True,92064,48783,30616,1423,239,6562,8099,2.2,1.0,2.8,3.2,7.0,10.8,9.9,18.2,15.0,29.8,135943,170837,33.8
Power Aquatics,21732 Tahoe Lane, Lake Forest, California,92630,Southern Pacific Zone,True,92630,66240,37236,1583,642,11696,17131,3.1,2.5,2.5,3.5,8.3,10.5,12.1,19.4,13.5,24.6,120848,150018,36.4
Praetorian Water Polo,477 Manning Ave, Reedley, California,93654,Central California Zone,True,93654,30476,15508,452,175,564,23415,4.5,3.2,7.8,9.4,14.7,16.3,12.3,17.2,9.3,5.4,63498,84398,48.9
Pride Water Polo Academy,5739 Kanan Road - Ste 106, Agoura Hills, California,91301,Coastal California Zone,True,91301,25244,18814,398,24,1701,4063,3.8,0.5,2.0,2.9,4.5,8.4,9.5,15.9,12.8,39.8,157582,225456,33.2
Primo Aquatics,146 D Ave Unit D, Coronado, California,92118,Pacific Southwest Zone,True,92118,17602,14002,605,223,641,3383,3.3,1.3,4.2,5.2,5.9,9.4,8.0,20.1,13.1,29.4,125558,189078,34.6
Prosper Aquatic Club,1851 Stadium Drive, Prosper, Texas,75078,Southwest Zone,True,75078,40513,27848,2960,92,4992,4165,0.8,0.3,0.4,1.5,1.7,6.3,5.1,23.8,18.9,41.1,178254,211324,40.3
Puget Sound Polo,103 Candlewyck Dr W, Lakewood, Washington,98499,Pacific Northwest & Hawaii Zone,True,98499,34207,16533,5680,250,3153,7291,6.1,3.3,7.5,8.1,16.5,22.4,13.7,10.1,6.1,6.1,60726,82651,33.1
Raider Water Polo,3575 Main Highway, Miami, Florida,33133,Southeast Zone,True,33133,34500,18425,3430,0,760,20123,4.6,4.4,8.0,6.0,9.5,12.3,8.5,10.0,10.2,26.3,87924,164713,40.3
Rain City Water Polo,8700 SE 71st St, Mercer Island,Washington,98040,Pacific Northwest & Hawaii Zone,True,98040,25464,16882,340,24,5658,826,2.9,0.6,2.9,5.2,4.5,9.0,5.6,12.3,8.7,48.3,190985,290655,24.8
Rancho Tsunami Water Polo Club,11788 Mt. Gunnison Ct., Rancho Cucamonga, California,91737,Southern Pacific Zone,True,91737,23108,12868,1351,170,3114,7356,3.7,3.2,2.8,4.1,5.8,11.8,14.2,17.4,14.9,22.1,112857,150564,32.7
Raptor Water Polo,21400 Pathfinder Rd, Diamond Bar, California,91765,Coastal California Zone,True,91765,45303,9824,1790,470,26454,8457,5.7,1.6,4.7,5.7,6.3,13.4,10.7,19.3,12.1,20.4,105712,134884,38.1
Rebel Water Polo Club,"Sanger High School, 1045 Bethel", Sanger, California,93657,Central California Zone,True,93657,36053,18715,149,747,1808,24280,2.6,4.0,6.3,10.3,11.3,17.4,14.1,17.8,8.4,7.9,71706,93403,46.3
Redlands Renegades,PO Box 7917, Redlands, California,92374,Southern Pacific Zone,True,92374,44976,23421,2392,255,3536,20475,4.5,2.5,5.4,5.9,6.3,17.3,13.2,21.9,12.0,11.0,92821,112736,34.3
Regency Water Polo Club,"Mater Dei High School (Santa Ana), 1202 W. Edinger Ave", Santa Ana, California,92707,Southern Pacific Zone,False,92707,59712,15442,424,1040,4903,49324,1.8,1.5,4.2,4.8,7.8,16.6,15.8,23.6,12.6,11.2,94862,111762,58.5
Richmond Water Polo,12207 Gayton Rd, Richmond, Virginia,23238,Northeast Zone,False,23238,26521,19438,4049,0,552,1806,1.8,2.5,7.1,6.3,10.9,15.1,10.7,20.1,8.6,17.1,91174,133635,32.5
Riverside Water Polo,7675 Magnolia Ave, Riverside, California,92504,Southern Pacific Zone,True,92504,57636,27887,4318,385,3078,31827,3.9,3.6,4.7,5.8,11.8,15.4,12.1,22.4,9.1,11.1,83139,103323,51.4
Rockville/Montgomery Water Polo Club,"Kennedy Shriver Aquatic Center, 5900 Executive Blvd", Rockville, Maryland,20852,Northeast Zone,False,20852,48379,26942,5179,136,9654,6467,4.0,2.4,3.4,4.9,5.6,9.6,9.9,20.8,13.9,25.5,121550,159764,24.4
Rocky Mountain Neptunes,4816 Pennsylvania Ave., Boulder, Colorado,80303,Mountain Zone,True,80303,24865,20778,166,56,1697,1852,13.6,1.7,7.0,7.8,8.9,11.8,9.9,13.1,7.6,18.6,74255,126551,30.6
Rose Bowl Water Polo Club,360 N. Arroyo Blvd, Pasadena, California,91103,Coastal California Zone,True,91103,27167,8292,4277,111,3286,13202,7.1,6.3,7.9,8.0,7.7,11.1,11.5,14.4,7.4,18.6,78513,124070,39.3
Route 66 Aquatics,"West Covina Aquatic Center, 1720 West Merced Ave", West Covina, California,91790,Coastal California Zone,True,91790,44855,12539,1194,536,9743,27841,3.5,2.2,4.4,4.7,7.2,15.2,13.4,23.1,11.0,15.4,97868,119991,44.6
Sacramento Water Polo,5100 Sierra College Blvd, Rocklin, California,95677,Central California Zone,False,95677,28591,20853,493,185,2132,4437,4.0,1.6,5.0,5.6,7.3,13.1,11.4,18.5,14.4,19.1,102549,132083,31.7
Saddleback El Toro (SET),3334 East Coast Hwy #261, Corona Del Mar, California,92625,Southern Pacific Zone,True,92625,12546,10282,141,33,868,1081,5.0,2.5,5.3,7.0,4.4,4.8,4.9,12.5,11.4,42.3,174570,255534,37.8
Saint Andrew's Aquatics,1082 S Rogers Cir, Boca Raton, Florida,33487,Southeast Zone,True,33487,21504,17367,1097,15,457,2977,5.0,2.0,5.5,6.3,8.5,14.4,11.8,16.9,10.8,18.8,87266,150170,36.1
SAMPLE Water Polo,"Irvine High School, 4321 Walnut Ave", Irvine, California,92604,Southern Pacific Zone,False,92604,29080,15574,456,91,9474,3418,4.3,2.8,4.3,3.6,5.0,10.5,8.3,23.2,14.4,23.6,120460,147547,33.5
San Antonio Water Polo Club,1210 Brook Bluff, San Antonio, Texas,78248,Southwest Zone,False,78248,13366,10330,251,47,241,4347,1.6,1.1,1.8,4.9,6.2,11.0,13.8,17.8,17.5,24.4,125089,158825,27.1
San Clemente Water Polo,"San Clemente High School, 700 Ave Pico", San Clemente, California,92673,Southern Pacific Zone,True,92673,30633,23305,661,101,2075,4843,2.3,1.3,3.0,4.2,3.8,8.0,4.8,15.5,14.4,42.8,172056,222503,36.2
San Diego Athletic Club,Westview High School, 13500 Camino Del Sur, San Diego,92129,Pacific Southwest Zone,False,92129,52495,27183,990,112,17780,6002,2.8,1.2,2.9,3.1,4.7,8.3,9.3,18.5,15.9,33.3,146754,176589,29.6
San Diego Shores Water Polo Club,3560 Arizona Street, San Diego, California,92104,Pacific Southwest Zone,True,92104,46613,28930,3806,283,2591,15172,2.9,3.0,4.9,6.1,8.4,16.7,16.5,20.0,10.4,11.3,86291,106742,33.4
San Francisco Tsunami,"Martin Luther King, 5701 3rd Street", San Francisco, California,94109,Pacific Zone,False,94109,56333,31082,2584,389,14641,7390,6.4,5.9,6.8,4.3,5.8,10.1,8.8,13.2,10.8,28.1,108691,167261,29.9
San Francisco Water Polo Club Warriors,"Tamalpais high school, 700 Miller Ave", Mill Valley, California,94941,Pacific Zone,True,94941,32190,26715,406,0,2083,2063,2.8,2.2,2.5,2.1,2.6,8.4,6.3,10.5,11.5,51.1,206580,290924,35.2
San Gabriel Polo Club,245 E. Colorado Bl. #4, Monrovia, California,91017,Coastal California Zone,False,91016,41822,18880,2184,218,6181,19068,3.2,2.1,6.7,5.0,10.1,12.2,12.5,21.8,11.4,15.1,95606,120227,32.8
San Jose Express Water Polo,"The Harker SChool, 500 Saratoga Ave.", San Jose, California,95129,Pacific Zone,True,95129,39797,8882,1057,120,26043,2627,2.4,2.0,2.1,2.2,3.8,6.8,7.8,14.7,14.4,43.9,178818,232036,29.7
San Jose Water Polo Foundation,"Bellarmine College Prep, 960 Hedding St", San Jose, California,95126,Pacific Zone,False,95126,36996,15824,2145,477,7328,12907,3.7,2.8,3.1,3.8,6.7,10.4,11.2,17.1,14.1,27.1,121520,165198,28.9
San Jose/Almaden Water Polo,6677 Camden Ave, San Jose, California,95120,Pacific Zone,True,95120,38003,19224,430,140,14498,2532,1.3,2.1,1.5,2.1,3.6,3.5,4.8,9.0,11.4,60.8,245273,297716,26.3
San Luis Obispo Water Polo,1499 San Luis Dr, San Luis Obispo, California,93401,Central California Zone,True,93401,28773,23100,582,90,1221,5215,4.3,4.4,6.3,6.4,9.8,12.5,10.8,19.6,8.1,17.9,89962,126867,29.9
San Mateo Aquatics Club,"Junipero Serra High School, 451 West 20th Avenue", San Mateo, California,94403,Pacific Zone,False,94403,43858,19595,847,402,13303,9325,3.3,0.7,3.1,3.2,5.2,7.3,7.0,14.9,13.7,41.7,171213,218114,33.1
Sand Canyon Water Polo Club,"Crafton Hills College, 11711 Sand Canyon Road", Yucaipa, California,92399,Southern Pacific Zone,True,92399,55236,39659,797,526,2063,18468,5.1,3.5,6.4,6.1,6.4,17.1,10.6,19.1,15.2,10.4,87457,107260,35.7
Santa Barbara 805,7266 Alameda Ave, Goleta, California,93117,Coastal California Zone,True,93117,53345,30579,1700,339,7742,16235,11.3,3.8,6.4,5.3,9.0,12.6,8.9,16.1,9.0,17.6,79553,110540,34.8
Santa Barbara Masters,930 Santa Cruz Ave, Menlo Park, California,94025,Pacific Zone,False,94025,41017,25269,1160,203,6578,7339,2.1,1.3,2.0,2.8,4.6,6.3,5.6,13.7,10.9,50.7,207656,324294,28.4
Santa Barbara Premier,7266 Alameda Ave, Goleta, California,93117,Coastal California Zone,True,93117,53345,30579,1700,339,7742,16235,11.3,3.8,6.4,5.3,9.0,12.6,8.9,16.1,9.0,17.6,79553,110540,34.8
Santa Barbara Silver Surfers WPC,P.O. Box 360291, Milpitas, California,95036,Pacific Zone,False,95035,79393,10633,1739,360,55426,10714,3.3,2.2,2.9,2.4,3.0,6.8,7.5,16.2,15.8,39.9,166931,195833,35.1
Santa Clara Swim Club,"Del Mar High School, 1224 Del Mar Avenue", San Jose, California,95128,Pacific Zone,True,95128,33653,16815,1214,299,6875,10526,3.2,3.7,2.6,5.1,6.5,10.2,11.2,16.5,11.7,29.4,117284,163539,28.3
Santa Clarita Water Polo,Castaic Aquatic Center, Castaic, California,91384,Coastal California Zone,True,91384,27652,15078,1343,413,2392,11465,2.1,1.4,3.3,3.4,5.1,9.3,9.1,26.6,16.4,23.4,127416,146468,30.7
Santa Cruz Waxem Polo Club,PO box 526, Capitola, California,95010,Pacific Zone,True,95010,9243,6858,0,21,544,2415,3.2,1.3,5.2,4.8,8.3,14.8,18.2,18.1,12.3,13.8,91771,133024,37.3
Santa Monica Water Polo Club,"Santa Monica Swim Center, 2225 16Th St.", Santa Monica, California,90405,Coastal California Zone,False,90405,26981,19424,1352,198,1916,4383,9.1,2.2,5.6,6.2,7.2,9.9,9.1,15.8,10.4,24.7,101713,157062,31.3
Santa Ynez Valley Water Polo,"Santa Ynez Valley Union High School, 2975 E Hwy 246", Santa Ynez, California,93460,Coastal California Zone,True,93460,6280,5135,54,405,59,1347,4.0,6.0,4.9,1.7,6.3,9.1,6.0,12.9,17.3,31.9,144196,209659,41.0
Sarasota Sharks Masters,8501 Potter Park Dr, Sarasota,Florida,34238,Southeast Zone,False,34238,22426,20300,628,0,328,1485,4.7,0.8,5.2,6.2,7.6,15.7,12.5,17.9,9.9,19.4,91936,132845,38.2
Sarasota United Water Polo Club,6205 W. Price Blvd, North Port, Florida,34287,Southeast Zone,True,34287,26721,23152,770,46,871,3160,3.4,3.3,9.5,8.6,12.5,21.9,13.2,19.5,4.5,3.5,63657,76468,45.0
Sasquatch Imperial Polo Association,"Helene Madison Pool, 13401 Merdian N.", Seattle, Washington,98133,Pacific Northwest & Hawaii Zone,False,98133,50921,30505,4604,299,8219,4879,4.3,3.3,6.7,6.5,8.1,15.4,14.4,16.5,9.0,15.7,85059,114119,28.3
Scorpions,72912 Tamarisk, Palm Desert, California,92260,Southern Pacific Zone,False,92260,31039,21489,645,100,1293,8545,6.4,5.5,7.9,7.6,12.4,13.0,12.3,13.7,9.1,12.1,68750,110253,38.7
Scottsdale Water Polo,"Brophy College Preparatory, 4701 North Central Avenue", Phoenix, Arizona,85012,Mountain Zone,False,85012,7871,5929,222,291,424,1512,6.0,3.8,9.2,6.0,12.4,12.8,10.6,12.5,6.7,20.0,74435,117660,28.1
Seaside Water Polo,"2604-B El Camino Real, #365", Carlsbad, California,92008,Pacific Southwest Zone,True,92008,27373,20657,313,450,1831,5747,3.2,1.9,7.6,4.5,6.9,10.7,14.4,14.7,15.2,21.0,101897,143635,26.9
Seattle Otters Water Polo,500 23Rd Avenue E, Seattle, Washington,98122,Pacific Northwest & Hawaii Zone,False,98122,41268,24884,4419,373,5802,3389,6.7,3.8,4.6,5.7,7.7,12.6,10.9,14.8,11.5,21.7,94548,147095,23.4
Seattle Water Polo,"Helene Madison Pool, 13401 Merdian N.", Seattle, Washington,98133,Pacific Northwest & Hawaii Zone,False,98133,50921,30505,4604,299,8219,4879,4.3,3.3,6.7,6.5,8.1,15.4,14.4,16.5,9.0,15.7,85059,114119,28.3
Seminole Water Polo Club,141 North Road, Lake Mary, Florida,32746,Southeast Zone,True,32746,45331,31658,3483,87,4209,7208,1.5,1.3,6.2,6.3,7.0,13.9,12.6,21.0,13.4,17.0,103941,140843,28.8
SFV,"Calabasas High School, 22855 Mulholland Highway", Calabasas, California,91302,Coastal California Zone,False,91302,26318,20384,691,96,2766,1836,5.3,1.2,4.1,1.9,4.5,8.5,8.0,11.7,11.2,43.7,172651,280460,44.4
Shore Aquatics,4320 East Olympic Plaza, Long Beach, California,90803,Coastal California Zone,True,90803,31659,23658,1095,404,2197,5804,3.8,2.1,3.3,4.2,6.2,11.6,13.7,24.8,10.7,19.6,107889,141826,34.3
Sierra Nevada Water Polo,6566 S McCarran Blvd Suite A, Reno, Nevada,89509,Mountain Zone,True,89509,36048,27864,495,268,1740,5560,2.9,4.0,5.2,7.1,11.1,18.2,10.7,17.7,9.1,13.9,78362,115520,31.7
Silicon Valley Outlaws,"Valley Christian High School, 100 Skyway Dr.", San Jose, California,95111,Pacific Zone,False,95111,59761,13959,1513,1073,21201,29852,2.7,3.0,6.8,6.4,9.4,14.6,10.8,18.5,10.5,17.3,90808,121715,41.4
Sirens Water Polo Club,3535 N Cornelia Ave, Fresno, California,93722,Central California Zone,True,93722,86387,34055,7535,987,13271,42360,4.9,3.0,6.1,5.8,9.5,20.4,16.3,19.7,6.7,7.7,75491,93714,46.0
SKIP,P.O. Box 2746, Merced, California,95344,Central California Zone,True,95340,36833,18494,1141,426,2970,18516,7.2,5.3,9.9,7.1,11.3,16.1,12.7,13.8,5.7,10.9,64809,97222,42.4
Sleepy Hollow Aquatics,29 Angela Ave, San Anselmo, California,94960,Pacific Zone,True,94960,16028,13531,216,132,735,1129,1.7,1.7,2.6,2.4,4.5,6.0,12.2,13.9,11.3,43.8,172675,265364,31.6
SoAC - UCLS Water Polo Club,"34009 Alvarado-Niles Road, 39901 Syracuse Ave", Union City, California,94587,Pacific Zone,True,94587,69502,12248,3326,479,38809,13986,3.1,1.4,3.4,2.4,4.7,9.6,11.0,19.3,13.1,32.0,138013,166089,34.9
SOCAL Water Polo Foundation,Po Box 1996, Tustin, California,92781,Southern Pacific Zone,True,92780,54945,25348,1377,446,7546,28473,3.2,2.6,5.4,4.3,9.1,16.7,14.0,18.7,11.6,14.4,89375,115415,47.0
SOL Water Polo,900 Otay Lakes Rd #15000, Chula Vista, California,91910,Pacific Southwest Zone,True,91910,76313,35103,2797,803,7555,48385,4.1,3.6,5.3,7.6,9.9,13.9,13.8,19.5,10.1,12.1,84111,106430,48.3
Solano County Water Polo Club,"Cunningham Aquatic Complex, 801 Heartwood Avenue", Vallejo, California,94591,Central California Zone,False,94591,59026,16498,9199,629,17913,13426,3.9,2.0,4.1,3.6,8.0,12.9,13.2,21.6,14.2,16.5,104567,127588,42.5
Sonora Water Polo,20045 Sommette Dr., Sonora, California,95370,Central California Zone,True,95370,28548,24864,114,323,394,2970,2.8,5.8,7.4,7.2,11.9,17.1,10.9,20.2,8.7,8.1,69751,93815,39.5
South Bay United Water Polo Club,1601 N. Sepulveda Blvd #370, Manhattan Beach, California,90266,Coastal California Zone,True,90266,35123,26129,148,104,5325,2793,2.2,0.4,2.4,1.5,2.7,5.5,8.6,16.1,13.4,47.1,187217,280470,32.5
South Coast Water Polo Club,275 East Hillcrest Drive #160-234, Thousand Oaks, California,91360,Coastal California Zone,True,91360,42444,30660,1024,500,2895,10145,4.8,1.7,4.7,4.4,7.4,10.5,11.7,18.7,12.2,23.9,111095,140610,41.8
South Davis Water Polo,550 N. 200 West, Bountiful, Utah,84010,Mountain Zone,True,84010,47030,42081,559,213,623,3238,3.0,1.4,4.0,5.0,9.7,16.0,13.9,23.3,9.7,13.9,93845,120651,29.6
South Florida Aquatics - Hurricanes,916 N. 16Th Avenue, Hollywood, Florida,33020,Southeast Zone,True,33020,44914,19593,11838,22,957,17655,6.0,5.2,9.7,12.2,16.8,19.6,12.9,10.7,2.9,4.1,50339,67735,25.6
South Florida Water Polo,820 Ne 18Th Ave, Pompano Beach, Florida,33060,Southeast Zone,False,33060,37522,16597,15495,27,232,8843,6.2,4.9,10.3,12.5,10.9,18.4,12.3,13.3,5.4,5.8,55733,77104,50.6
South Peninsula Water Polo Foundation,"Menlo College, 1000 El Camino", Atherton, California,94027,Pacific Zone,False,94027,7142,5117,103,3,1390,646,2.2,2.7,1.0,0.9,2.3,3.4,1.9,10.4,7.0,68.2,"250,000+",595736,36.0
South Valley Water Polo,"Mt. Whitney High School, 900 South Conyer Street", Visalia, California,93291,Central California Zone,True,93291,61439,29312,1133,532,5780,33243,4.4,2.9,5.3,7.6,10.0,19.1,15.3,11.6,13.3,10.4,75679,101258,51.5
Southern Water Polo Club,"Mesa College, 7250 Mesa Villege Drive", San Diego, California,94111,Pacific Southwest Zone,True,94111,4468,1834,25,0,2249,108,2.9,9.2,2.3,2.7,5.7,6.9,6.4,10.9,10.3,42.6,164107,222915,27.3
Southside Water Polo Club Honey Badgers,9531 Ocean Drive, Rosharon, Texas,77583,Southwest Zone,True,77583,44443,18468,14036,109,2284,16985,2.5,1.4,2.3,5.2,3.8,12.4,18.3,20.9,15.8,17.5,110852,129173,38.0
Southwest Ohio Sea Monsters,6249 Mason Montgomery Rd,6249 Mason Montgomery Rd, Mason,45040,Midwest Zone,False,45040,57214,40355,2511,35,11122,1983,1.3,1.0,4.5,1.8,5.9,9.3,13.4,21.0,12.5,29.2,128034,169707,29.5
SPA Vibes International,3901 El Segundo Blvd., Hawthorne, California,90250,Coastal California Zone,False,90250,96200,29122,23003,1728,7469,51672,4.7,3.9,4.6,9.7,10.5,16.9,14.5,18.6,6.6,10.0,74616,98368,44.1
Specialized Goalie Clinic,1150 Caminito Amarillo, San Marcos, California,92069,Pacific Southwest Zone,False,92069,46648,26757,940,463,5070,21427,6.0,1.8,5.7,6.8,9.8,13.7,11.6,18.3,12.1,14.1,86156,110028,38.3
St. Charles Water Polo Club,"St. Charles North High School, 255 Red Gate Rd.", St. Charles, Illinois,60175,Midwest Zone,False,60175,25957,22688,457,0,1120,1913,1.4,1.0,1.7,2.2,3.3,9.3,5.3,18.9,17.7,39.0,169742,211388,36.8
St. Louis Lions Water Polo Club,101 N Warson Dr, St. Louis, Missouri,63124,Midwest Zone,False,63124,10997,9393,222,0,794,208,3.1,0.5,1.8,5.0,7.3,7.7,9.2,9.4,9.1,47.0,177326,317192,26.8
Stanford Water Polo Foundation,"Foothill-De Anza Community College District, 12345 El Monte Road", Los Altos Hills, California,94022,Pacific Zone,False,94022,20052,10878,20,18,7767,915,2.4,0.7,1.5,2.1,2.0,5.3,4.6,11.2,6.9,63.3,"250,000+",401497,26.3
Sultan Polo,"Santana High School, 9915 North Magnolia Avenue", Santana, California,92071,Pacific Southwest Zone,False,92071,59795,44204,1044,511,3258,11694,3.4,2.3,5.3,4.6,7.5,13.3,12.9,20.8,15.4,14.5,101906,119285,33.1
Sunset San Diego,5375 Lodi St., San Diego, California,92117,Pacific Southwest Zone,False,92117,54499,35936,1690,64,5322,13600,2.7,2.5,4.4,4.0,7.1,14.7,13.6,21.1,11.4,18.6,101445,124557,34.0
Super Buena Ventura Water Polo Club,2 north catalina, Ventura, California,93001,Coastal California Zone,True,93001,31751,23513,161,436,977,12683,4.9,3.5,5.0,5.4,10.9,16.8,16.0,16.2,10.4,11.0,80363,106562,41.5
Supreme Water Polo,"Van Nuys-Sherman Oaks Swimming Pool, 14201 Huston St.", Los Angeles, California,91423,Coastal California Zone,False,91423,31787,23195,1580,48,1732,4413,4.6,1.8,4.7,5.0,6.0,14.3,11.5,16.2,12.0,23.8,104205,164393,33.8
SwimNation Aquatics Programs-SNAP,"Portola High School, 1001 Cadence", Irvine, California,92618,Southern Pacific Zone,True,92618,59386,21623,869,112,29314,5935,7.1,1.8,3.6,4.0,4.8,9.0,8.4,17.3,13.8,30.3,132843,174048,32.3
SwimRVA Water Polo,5050 Ridgedale Parkway, Richmond, Virginia,23234,Northeast Zone,False,23234,45139,11289,22405,135,1298,11465,4.8,3.1,10.9,8.2,14.8,18.4,11.9,16.3,7.6,4.1,60669,76721,47.0
Sylvania Water Polo,"Northview Natatorium, 5403 Silica Dr", Sylvania, Ohio,43560,Midwest Zone,False,43560,32717,29196,819,0,1398,788,3.4,1.4,3.9,5.3,8.4,15.6,11.9,18.7,12.9,18.5,100047,145723,25.7
Tampa Bay Water Polo,4811 Kelly Road, Tampa, Florida,33615,Southeast Zone,False,33615,48849,25161,3938,56,1646,27832,6.0,3.2,6.8,6.8,13.7,24.6,16.6,13.1,4.0,5.2,61761,84498,36.7
Team New York Aquatics,"Seahorse Fitness Inc., 69 Columbia St", New York, New York,10002,Northeast Zone,False,10002,76518,23951,6785,415,28590,19864,10.2,11.7,13.2,9.2,9.6,10.2,9.2,11.7,4.9,10.2,43362,86843,41.4
Team Orlando Water Polo Club,2263 Oakington Street, Winter Garden, Florida,34787,Southeast Zone,True,34787,86913,53953,9230,267,5536,20058,2.9,1.7,4.9,4.0,8.6,11.1,12.6,23.7,11.7,18.7,108750,136431,30.7
Team Radical Water Polo Club,3351 Miranda Ave, Palo Alto, California,94304,Pacific Zone,True,94304,4489,2855,47,25,780,609,3.1,2.4,3.4,1.3,3.2,11.1,7.4,14.8,13.2,40.0,159637,251544,30.8
Team Vegas Water Polo,7437 S. Eastern Ave #282, Las Vegas, Nevada,89123,Mountain Zone,True,89123,58882,31173,4034,511,11529,13354,3.9,2.5,5.4,4.9,11.4,20.0,12.5,19.5,11.1,8.8,78195,105247,39.8
Temple City Aquatics Club,1124 E Chestnut St. #44, Glendale, California,91205,Coastal California Zone,True,91205,35755,23691,673,119,4363,9337,7.0,9.8,9.6,8.1,9.9,14.5,12.0,14.3,7.9,6.8,58290,82184,43.8
Texas Mavericks Water Polo Club,2130 Greenstone Trail, Carrollton,Texas,75010,Southwest Zone,True,75010,31609,14963,4988,121,8497,4674,2.6,2.2,2.3,4.3,7.1,16.6,16.5,20.5,12.6,15.3,98567,132671,36.8
The Olympic Club,524 Post St., San Francisco, California,94121,Pacific Zone,False,94121,43304,18717,694,159,18795,3083,3.5,3.7,3.9,3.9,5.7,9.4,10.3,14.0,14.0,31.6,132519,187450,35.5
The Treasure Coast Water Polo Club,8611 SE Wilkes Place, Hobe Sound, Florida,33455,Southeast Zone,False,33455,20936,18905,678,14,129,1697,5.6,1.9,7.9,10.3,9.6,16.2,13.7,15.9,7.9,11.1,72735,120625,35.7
The Woodlands Masters Water Polo Club,3383 S Panther Creek, The Woodlands, Texas,77381,Southwest Zone,False,77381,36414,29875,738,110,1738,5170,4.8,2.1,5.0,3.5,6.6,8.1,8.2,14.5,13.0,34.4,143198,187714,31.9
Third Coast Aquatics,"15041 Sandstone Rd, Third Coast Aquatics", Grand Haven, Michigan,49417,Midwest Zone,False,49417,33104,30655,233,18,420,1649,4.7,2.4,5.8,6.9,9.6,17.9,15.8,18.8,10.4,7.7,79710,97803,32.4
Tooele Water Polo,55 North 200 West, Tooele, Utah,84074,Mountain Zone,False,84074,55917,47682,530,123,377,7886,1.9,2.7,3.3,4.4,7.7,16.6,15.2,28.8,11.2,8.1,96165,110209,34.4
TOPAZ Water Polo Club,"9393 E Palo Brea Bend, Unit 1040", Scottsdale, Arizona,85255,Mountain Zone,True,85255,43685,38025,734,106,1856,3338,3.7,1.1,2.2,3.9,5.5,8.7,9.5,19.5,11.0,34.8,136486,212810,41.9
TPCM SHARKS WPC,"Redwood High School, 395 Doherty Dr.", Larkspur, California,94939,Pacific Zone,True,94939,7488,6045,33,0,291,395,4.6,0.9,3.2,5.5,4.8,10.8,4.0,11.5,10.8,44.1,156250,231480,34.6
Treasure Valley Water Polo,5812 N Brooklet Place, Boise, Idaho,83713,Pacific Northwest & Hawaii Zone,False,83713,29722,24705,487,39,759,2718,3.2,1.6,5.6,6.0,11.3,16.9,16.2,21.0,9.5,8.7,80916,100423,30.4
Tri-Valley Triton Aquatics,"Las Positas College, 3000 Campus Drive", Livermore, California,94551,Pacific Zone,True,94551,40025,22690,700,384,6372,12054,3.2,1.6,2.2,3.6,4.8,11.8,9.9,20.5,14.3,28.1,128356,156760,31.9
Triangle Water Polo,3221 Falls River Ave, Raleigh, North Carolina,27614,Southeast Zone,False,27614,33609,26125,3720,11,1226,1842,4.3,1.8,4.9,3.3,7.7,8.7,10.1,15.9,17.2,26.2,125727,175577,28.0
Trojan Water Polo (Ca),2004 The Strand, Manhattan Beach, California,90266,Coastal California Zone,True,90266,35123,26129,148,104,5325,2793,2.2,0.4,2.4,1.5,2.7,5.5,8.6,16.1,13.4,47.1,187217,280470,32.5
Tualatin Hills Water Polo Club,15707 SW Walker Rd, Beaverton, Oregon,97006,Pacific Northwest & Hawaii Zone,False,97006,45090,27322,2081,325,9003,6485,1.7,1.2,4.8,4.7,7.0,15.9,14.9,19.3,16.2,14.2,99662,123033,27.2
Tucson Water Polo Club,PO Box 12549, Tucson, Arizona,85732,Mountain Zone,True,85711,41412,25051,2491,1077,1606,17135,6.0,7.3,11.4,11.3,13.8,18.0,12.9,11.2,4.5,3.7,50227,65587,33.1
Tugboat Water Polo Federation,501 Danville Boulvard, Danville, California,94526,Pacific Zone,False,94526,33396,25492,191,11,5007,2383,2.2,2.2,2.0,2.2,4.6,3.7,6.0,14.5,12.7,50.1,202697,255682,29.4
Tulare Water Polo Club,"Tulare Union Pool, 755 E. Tulare Ave", Tulare, California,93274,Central California Zone,False,93274,78831,43985,2241,766,2078,49953,4.5,3.8,7.4,8.5,13.9,19.5,12.8,16.8,7.3,5.5,66487,86176,50.7
Turul Water Polo Academy,1500 Meadow Grove St, Modesto, California,95355,Central California Zone,False,95355,60338,37619,3173,789,5276,19779,3.0,3.2,6.9,4.8,12.3,17.2,13.3,18.9,10.2,10.3,80266,103689,41.9
Tustin-Irvine Patriot Aquatics,"Beckman High School, 3588 Bryan Ave", Irvine, California,92602,Southern Pacific Zone,True,92602,26663,9355,56,0,12515,4581,6.3,2.2,3.2,4.3,1.8,10.8,4.2,22.1,18.7,26.4,137037,166752,25.2
UCO Water Polo,936 E 1600 N, Mapleton, Utah,84664,Mountain Zone,False,84664,11756,11093,62,36,9,534,2.4,0.3,2.6,2.2,6.1,11.8,9.2,26.4,13.9,25.2,123534,174613,33.5
USA Water Polo College Alumni,"USA Water Polo National Headquarters, 6 Morgan, Suite 150", Irvine, California,92618,Southern Pacific Zone,False,92618,59386,21623,869,112,29314,5935,7.1,1.8,3.6,4.0,4.8,9.0,8.4,17.3,13.8,30.3,132843,174048,32.3
Utah East Side,3441 Wasatch Blvd, Salt Lake City, Utah,84109,Mountain Zone,True,84109,25623,23268,97,76,889,1146,1.7,1.0,3.8,3.6,4.5,12.3,10.4,22.1,17.1,23.6,128682,164349,28.9
Valle Unita Water Polo Club,769 Summerwood Avenue, Walnut, California,91789,Coastal California Zone,True,91789,41377,6742,995,94,27014,7966,4.6,0.7,3.3,3.9,4.7,11.9,11.2,21.1,14.6,23.9,123555,152048,38.8
Vanguard Aquatics,1905 Main St, Huntington Beach, California,92648,Southern Pacific Zone,True,92648,45667,31677,354,252,5307,7226,2.2,2.6,4.5,5.7,6.2,9.2,12.7,19.9,12.5,24.6,116189,163666,35.4
VC Premier,"V C Premier Water Polo Club, 1765 Royal Ave", Simi Valley, California,93065,Coastal California Zone,True,93065,72086,49409,740,560,7693,18774,2.4,1.2,3.3,6.8,7.2,10.5,13.3,19.9,13.9,21.4,110537,144231,38.8
Viking Aquatics,4901 E Carson St., Long Beach, California,90808,Coastal California Zone,True,90808,39698,25301,1517,257,5005,10189,3.3,1.1,2.3,3.3,4.5,11.5,8.9,22.4,15.5,27.1,131535,152511,35.9
Villa Park,18042 Taft Ave., Villa Park, California,92861,Southern Pacific Zone,False,92861,5814,4105,40,0,1014,871,3.2,3.9,0.4,3.2,5.7,7.7,5.7,13.4,10.1,46.8,189306,280446,38.3
Vine Water Polo Club Inc.,2426 Christie Ct., Napa, California,94558,Central California Zone,True,94558,65084,45760,693,874,1519,23448,4.1,2.1,3.9,5.2,7.0,12.1,11.2,20.3,13.2,20.9,110397,144156,33.9
Virginia Beach High School Water Polo,4400 Virginia Beach Blvd, Virginia Beach, Virginia,23462,Northeast Zone,False,23462,68499,33981,21534,268,3851,9178,5.1,2.7,4.3,7.5,13.0,22.0,14.9,18.6,7.7,4.1,69375,82642,41.3
Visalia United Water Polo Club,"Redwood High School Pool, 1001 W Main St", Visalia, California,93291,Central California Zone,True,93291,61439,29312,1133,532,5780,33243,4.4,2.9,5.3,7.6,10.0,19.1,15.3,11.6,13.3,10.4,75679,101258,51.5
Wasatch Water Polo,"Wasatch Aquatic Center, 744 South 200 East", Heber City, Utah,84032,Mountain Zone,False,84032,24748,21257,121,68,372,3718,1.7,2.0,5.5,3.5,9.6,15.6,15.1,20.2,14.8,11.9,93337,124772,33.2
Washington DSeahorses,4551 Fort Drive NW, Washington, District of Columbia,20016,Northeast Zone,False,20016,32570,24856,2482,15,1944,3065,7.6,0.6,2.2,2.1,3.7,8.3,5.5,13.6,13.1,43.3,169489,268683,28.8
Washington Wolfpack Water Polo,9240 31st Ave SW,Seattle, Washington,98126,Pacific Northwest & Hawaii Zone,False,98126,21102,13399,2742,135,2330,1489,4.3,2.6,4.6,4.5,7.2,13.5,10.4,16.9,13.1,22.8,108072,141511,21.6
Waves Water Polo Foundation,"Pepperdine University, 24255 Pacific Coast Hwy", Malibu, California,90263,Coastal California Zone,True,90263,1803,947,164,0,444,207,-,-,-,-,-,-,-,-,-,-,-,-,-
WCAC Maverick Water Polo,"Wissahickon High School, 521 Houston Road", Ambler, Pennsylvania,19002,Northeast Zone,False,19002,31608,24729,1677,65,3651,1308,3.0,0.7,3.1,4.3,6.8,12.0,9.3,15.7,11.1,34.0,133519,186596,32.7
West Hollywood Aquatics,P.O. Box 691651, West Hollywood, California,90069,Coastal California Zone,False,90069,20045,16365,521,0,1220,1565,4.6,4.9,5.5,4.2,8.5,11.6,8.5,17.8,10.0,24.5,106133,173392,28.2
West Houston Water Polo,10404 Tiger Trail, Houston, Texas,77043,Southwest Zone,False,77043,25900,14589,1957,69,1732,10991,3.2,2.5,9.6,7.8,11.2,16.4,12.9,14.0,9.5,13.0,74320,111596,42.1
West Suburban Water Polo Club,45 W. Bailey Road, Naperville, Illinois,60565,Midwest Zone,False,60565,38942,28674,1136,48,6372,2116,1.9,0.5,3.6,2.8,5.8,8.6,8.1,17.7,16.2,34.8,155179,184694,30.1
West Valley Water Polo,201 Ada Ave. Apt 3, Mountain View, California,94043,Pacific Zone,True,94043,32670,14018,1296,206,10895,6327,1.9,1.7,1.8,3.8,4.7,8.3,8.9,12.6,11.5,44.7,174416,231164,27.4
Western Club,14201 Huston street, Van Nuys, California,91423,Coastal California Zone,True,91423,31787,23195,1580,48,1732,4413,4.6,1.8,4.7,5.0,6.0,14.3,11.5,16.2,12.0,23.8,104205,164393,33.8
Westside Aquatics,"Palisades High School, 15777 Bowdoin St", Pacific Palisades, California,90272,Coastal California Zone,True,90272,21298,17587,172,0,1596,961,4.4,1.1,2.6,2.2,2.8,7.1,5.6,12.7,8.7,52.8,225256,382839,40.2
Whitman Vikings WP Club,5708 Tanglewood Drive, Bethesda,Maryland,20817,Northeast Zone,False,20817,37795,25481,2275,56,5915,3846,2.0,1.3,2.2,1.9,2.9,6.9,4.8,10.4,11.1,56.4,231292,325502,27.7
Wildkit Water Polo Club,"Evanston Township High School, 1600 Dodge Ave", Evanston, Illinois,60201,Midwest Zone,False,60201,43122,27997,5904,99,4533,3546,7.2,3.9,5.7,5.9,10.3,12.2,8.1,13.6,8.2,25.0,89032,168048,31.4
Willamette Valley Water Polo,4742 Liberty Rd S #277, Salem, Oregon,97302,Pacific Northwest & Hawaii Zone,True,97302,41382,33701,671,383,626,5163,2.8,2.5,6.9,6.5,12.1,15.9,14.5,19.2,8.5,11.1,80439,108351,28.7
Windansea Water Polo,800 Nautilus Street, La Jolla, California,92037,Pacific Southwest Zone,False,92037,37665,28655,441,49,4271,4917,3.9,1.7,4.1,3.9,7.3,10.9,7.9,15.0,12.3,33.0,136601,204979,37.9
Windward Water Polo Club,917 Kalanianaole Hwy, Kailua,Hawaii,96734,Pacific Northwest & Hawaii Zone,True,96734,51966,24602,749,219,9607,6035,2.3,1.3,2.9,3.8,5.3,13.3,11.4,19.3,13.8,26.4,121536,158003,41.8
Wolverine Water Polo,512 Berkley Ave, Ann Arbor, Michigan,48103,Midwest Zone,True,48103,54563,41152,2762,268,5591,2774,3.8,1.6,4.5,3.5,5.9,11.7,12.8,17.7,12.8,25.6,113829,154641,25.6
Women's National Team,"6 Morgan, Suite 150", Irvine, California,92618,Southern Pacific Zone,False,92618,59386,21623,869,112,29314,5935,7.1,1.8,3.6,4.0,4.8,9.0,8.4,17.3,13.8,30.3,132843,174048,32.3
WVC Vikings Water Polo Club,14000 Fruitvale Ave, Saratoga, California,95070,International Zone,False,95070,31688,12464,31,81,17350,891,1.4,1.1,1.8,2.1,4.7,5.4,5.8,11.5,8.3,57.9,237455,333767,29.6
Y Pro Water Polo,1968 79 Street, Brooklyn, New York,11214,Northeast Zone,True,11214,90796,39627,1963,640,33336,15982,5.7,7.2,9.4,6.8,11.7,17.6,9.9,14.8,7.5,9.4,60152,89337,53.5
Yeti Water Polo Club,13135 Nason St., Moreno Valley, California,92555,Southern Pacific Zone,True,92555,44923,14694,9275,321,3254,22267,2.5,1.4,3.1,3.4,6.4,13.6,16.1,24.3,13.7,15.5,105490,125141,51.5
Youngwood Aquatics,15301 Youngwood Dr., Whitter, California,90605,Coastal California Zone,False,90605,41427,13428,475,648,2613,31650,3.6,1.5,4.6,5.9,7.2,13.9,16.1,21.0,12.3,13.9,94200,115125,42.9
Zilla Water Polo,7001 Rain Creek Pkwy, Austin, Texas,78759,Southwest Zone,False,78759,45400,31070,1555,133,6289,6656,3.0,1.0,3.8,4.6,8.5,16.5,13.6,16.7,10.4,21.9,97688,135706,25.1
